181,290.084534,-1124.867554,1045.784912,133.704926,-938.977661,1027.178955,377.562378,-907.36615,1032.681274,66.239845,-1087.598389,608.39978,123.065842,-1119.677979,510.760925,100.069496,-1210.858276,263.69397,186.743759,-1246.371338,93.650948,243.30336,-1305.827881,49.325962,207.22699,-1103.71582,40.146076,468.855103,-845.519165,613.436462,413.270294,-826.121277,518.930054,447.533295,-853.580811,285.092072,354.728149,-826.062378,87.09726,288.527863,-854.926514,38.939884,358.967926,-671.025391,67.356705
182,291.619812,-1110.149658,1043.123535,133.392822,-925.646362,1024.814453,377.231567,-891.876648,1030.085938,66.140625,-1079.989502,608.157104,123.169601,-1113.45752,511.050598,100.410889,-1208.116333,265.189758,187.053345,-1245.568481,95.397331,243.81871,-1305.324585,51.85762,207.148834,-1103.565552,40.071331,469.142639,-834.997131,608.900818,413.516632,-812.677246,515.408386,447.510223,-825.352295,279.973419,354.937256,-782.377197,84.128677,288.606812,-808.094116,34.48315,357.992798,-625.886292,75.060501
183,293.105743,-1095.298706,1040.27832,133.115158,-912.113403,1022.277222,376.941162,-876.298645,1027.276001,66.155411,-1071.887451,607.744202,123.315041,-1106.738892,511.175751,100.791077,-1205.066895,266.664673,187.417664,-1244.654053,97.200661,244.387787,-1304.758911,54.494057,207.120575,-1103.410767,39.99437,469.696075,-824.947388,603.7005,413.711151,-799.108032,511.792358,447.488464,-797.887451,275.829254,355.231995,-740.455322,82.782791,288.743347,-763.109924,31.813881,357.160797,-583.028198,83.858757
184,294.516907,-1080.313477,1037.283691,132.88002,-898.343201,1019.588196,376.700104,-860.642761,1024.301025,66.263741,-1063.227661,607.141846,123.481956,-1099.491577,511.125793,101.194069,-1201.677979,268.115112,187.813477,-1243.613281,99.076141,244.982513,-1304.132568,57.263741,207.14209,-1103.248291,39.918148,470.519531,-814.811707,598.107666,413.851105,-785.145325,508.235046,447.462097,-771.392395,272.57309,355.521393,-701.039307,82.693245,288.82959,-720.798889,30.5765,356.508667,-543.108093,93.033302
185,295.828827,-1065.193359,1034.177734,132.696472,-884.303467,1016.77179,376.519806,-844.918823,1021.216431,66.434059,-1053.968872,606.341187,123.64592,-1091.682251,510.896881,101.591347,-1197.89856,269.536194,188.203369,-1242.433594,101.0467,245.556305,-1303.449585,60.204945,207.20462,-1103.071411,39.847511,471.549683,-803.966675,592.461975,413.934937,-770.542969,504.879028,447.40625,-746.092163,270.03949,355.715302,-664.83075,83.371262,288.774445,-681.967651,30.304314,356.051422,-506.730377,101.723663
186,297.018982,-1049.939697,1031.001709,132.574448,-869.966248,1013.85614,376.413422,-829.135132,1018.082581,66.628403,-1044.098877,605.349609,123.779778,-1083.273682,510.49173,101.939423,-1193.665527,270.923248,188.535782,-1241.103149,103.142883,246.044083,-1302.714233,63.364609,207.291061,-1102.868042,39.788258,472.654419,-791.809631,587.140442,413.962769,-755.100159,501.848633,447.277557,-722.207825,268.019165,355.744751,-632.414734,84.278053,288.527466,-647.326111,30.483,355.781433,-474.380341,109.039848
187,298.067566,-1034.554443,1027.799805,132.524582,-855.31012,1010.873108,376.394928,-813.298279,1014.963074,66.808929,-1033.632568,604.192505,123.855774,-1074.223755,509.91806,102.18103,-1188.91333,272.274414,188.748199,-1239.608032,105.402451,246.367142,-1301.926392,66.797974,207.377304,-1102.619995,39.745327,473.656464,-777.862244,582.51062,413.938232,-738.68103,499.245026,447.029175,-699.911743,266.305939,355.573303,-604.189026,84.91468,288.087738,-617.407227,30.633961,355.668793,-446.365417,114.189445
188,298.958618,-1019.041138,1024.618408,132.557648,-840.321289,1007.857849,376.477722,-797.412781,1011.923157,66.944557,-1022.600525,602.9104,123.848297,-1064.482666,509.186249,102.251434,-1183.581787,273.594177,188.773453,-1237.926636,107.870735,246.443359,-1301.07312,70.569504,207.435303,-1102.304688,39.720188,474.382141,-761.873962,578.871643,413.871368,-721.227356,497.143707,446.636536,-679.273743,264.74469,355.196289,-580.314514,84.908569,287.493774,-592.501953,30.400454,355.663513,-422.773895,116.59243
189,299.680969,-1003.40509,1021.505676,132.683823,-824.995422,1004.848328,376.673065,-781.48175,1009.027405,67.01548,-1011.030884,601.552307,123.7369,-1053.990234,508.305634,102.089493,-1177.622192,274.898621,188.54895,-1236.021606,110.601341,246.200668,-1300.116699,74.754639,207.438141,-1101.897827,39.70776,474.718964,-743.887268,576.401489,413.781128,-702.763184,495.593567,446.118652,-660.226013,263.264984,354.635223,-560.698303,84.075127,286.80307,-572.621033,29.612122,355.699005,-403.45874,115.962959
190,300.229248,-987.653564,1018.510254,132.911774,-809.338745,1001.884888,376.988739,-765.50769,1006.337463,67.014229,-998.929077,600.165405,123.508987,-1042.671509,507.280701,101.651077,-1170.996582,276.221069,188.027588,-1233.829712,113.655586,245.591003,-1298.981079,79.441589,207.366669,-1101.378906,39.693985,474.654938,-724.213318,575.135864,413.695953,-683.390381,494.616333,445.542816,-642.567139,261.890839,353.933838,-545.011536,82.439537,286.077759,-557.493958,28.306044,355.699097,-388.053741,112.34623
191,300.604492,-971.796326,1015.680908,133.247696,-793.368713,999.009094,377.427856,-749.493652,1003.909607,66.943512,-986.261414,598.783142,123.161575,-1030.435059,506.10733,100.921425,-1163.669434,277.616486,187.187027,-1231.252197,117.099892,244.600815,-1297.539063,84.731964,207.216156,-1100.736938,39.655365,474.279602,-703.321655,574.989746,413.652161,-663.278503,494.206543,445.013184,-626.00647,260.724854,353.156769,-532.739807,80.213226,285.381592,-546.604309,26.695383,355.588593,-376.022491,106.106522
192,300.814545,-955.846008,1013.065125,133.694443,-777.114197,996.263245,377.98819,-733.444275,1001.792542,66.811913,-972.945313,597.413391,122.701759,-1017.172668,504.770203,99.922348,-1155.592407,279.162231,186.033356,-1228.149048,121.001213,243.255264,-1295.604858,90.73967,207.001221,-1099.975342,39.561943,473.752014,-681.711548,575.804504,413.689423,-642.65033,494.33197,444.648987,-610.232239,259.912079,352.386627,-523.259155,77.73056,284.781372,-539.256409,25.094078,355.306702,-366.733917,97.870987
193,300.874146,-939.818604,1010.708069,134.251129,-760.614807,993.688843,378.662292,-717.366821,1000.025635,66.629417,-958.848389,596.030823,122.146019,-1002.76239,503.241974,98.712456,-1146.688354,280.953705,184.598709,-1224.340576,125.42009,241.615509,-1292.933716,97.587433,206.756668,-1099.113159,39.385002,473.255066,-659.827209,577.392639,413.84494,-621.766968,494.933868,444.563965,-594.977173,259.592407,351.71405,-515.924133,75.360168,284.346069,-534.66333,23.817877,354.819061,-359.5495,88.441917
194,300.804352,-923.73291,1008.651062,134.912857,-743.9198,991.325745,379.437958,-701.271484,998.637695,66.404541,-943.797546,594.575134,121.518204,-987.076599,501.485352,97.378883,-1136.841309,283.093414,182.935806,-1219.614136,130.402618,239.770599,-1289.232056,105.399231,206.533768,-1098.182861,39.109917,472.954346,-638.031067,579.560608,414.146545,-600.912476,495.926697,444.851318,-580.064819,259.850861,351.218384,-510.150574,73.413101,284.137756,-532.041504,23.089811,354.120514,-353.903046,78.690498
195,300.631775,-907.610474,1006.930847,135.670837,-727.086182,989.211182,380.299164,-685.171692,997.645935,66.142944,-927.5979,592.955383,120.846817,-969.994019,499.45816,96.021408,-1125.897583,285.673737,181.111053,-1213.736816,135.973053,237.825089,-1284.176636,114.286942,206.391968,-1097.220337,38.753342,472.968384,-616.621216,582.106262,414.606689,-580.38147,497.198151,445.565186,-565.435059,260.675079,350.940857,-505.475891,72.074486,284.19223,-530.695068,22.985052,353.230225,-349.353912,69.43454
196,300.387604,-891.475281,1005.578247,136.512817,-710.17627,987.378723,381.227051,-669.083496,997.056213,65.847,-910.059753,591.061096,120.162361,-951.414734,497.121796,94.733177,-1113.679199,288.755859,179.197144,-1206.471924,142.129272,235.883438,-1277.443481,124.332764,206.386444,-1096.246948,38.382336,473.34964,-595.867065,584.803345,415.21933,-560.467407,498.611694,446.689514,-551.160339,261.934753,350.861206,-501.58197,71.381912,284.495697,-530.071533,23.435822,352.189819,-345.599854,61.3125
197,300.106018,-875.3526,1004.617493,137.423523,-693.254822,985.85791,382.200928,-653.025024,996.863403,65.517654,-891.030762,588.778687,119.495819,-931.276672,494.452484,93.58342,-1100.006104,292.349426,177.265701,-1197.600464,148.842575,234.033676,-1268.742798,135.569458,206.551849,-1095.238525,38.13081,474.07605,-576.046814,587.393127,415.960876,-541.450317,500.016113,448.109161,-537.452026,263.403137,350.901794,-498.282104,71.252121,284.978424,-529.780396,24.278196,351.067596,-342.456299,54.707916
198,299.822876,-859.268738,1004.066284,138.385498,-676.385986,984.674194,383.199249,-637.016052,997.052612,65.160286,-870.426819,586.016052,118.878418,-909.569702,491.453949,92.605713,-1084.717896,296.397003,175.380508,-1186.943359,156.063492,232.334549,-1257.856689,147.960556,206.883835,-1094.084961,38.206253,475.056885,-557.462769,589.603394,416.794495,-523.579407,501.264221,449.621216,-524.640747,264.820435,350.959656,-495.486877,71.531082,285.534485,-529.581665,25.311092,349.953461,-339.825806,49.748936
199,299.573578,-843.25,1003.935364,139.380142,-659.630066,983.848999,384.200958,-621.077271,997.601196,64.793648,-848.259583,582.731812,118.342003,-886.343933,488.169373,91.794266,-1067.688232,300.768219,173.594009,-1174.383789,163.73201,230.812103,-1244.669067,161.382645,207.323059,-1092.549927,38.879166,476.158478,-540.398804,591.204224,417.675934,-507.051941,502.23584,450.995728,-513.108154,265.971893,350.945435,-493.165192,72.044914,286.055878,-529.357727,26.348228,348.937592,-337.664551,46.350971
200,299.391205,-827.321716,1004.229248,140.38884,-643.041504,983.400208,385.186737,-605.22937,998.481384,64.457977,-824.654236,578.965698,117.918739,-861.710999,484.689056,91.110519,-1048.835083,305.27179,171.947723,-1159.880005,171.78804,229.468002,-1229.18042,175.612671,207.747574,-1090.241699,40.448738,477.242828,-525.02887,592.07782,418.558777,-491.994659,502.856354,452.05072,-503.185211,266.744781,350.810944,-491.307678,72.639099,286.462402,-529.077026,27.252918,348.088409,-335.949219,44.277527
201,299.304474,-811.507446,1004.946411,141.394363,-626.665771,983.343079,386.140228,-589.492493,999.663452,64.216911,-799.85376,574.858398,117.639252,-835.835632,481.151794,90.499245,-1028.130493,309.687439,170.474869,-1143.463989,180.175797,228.296738,-1211.502197,190.323349,207.981766,-1086.616455,43.183502,478.202545,-511.343048,592.257385,419.398651,-478.456696,503.104401,452.70166,-495.062744,267.143188,350.555542,-489.897797,73.201309,286.715393,-528.757202,27.951941,347.443481,-334.651825,43.211288
202,299.336365,-795.827698,1006.079468,142.382233,-610.537964,983.690247,387.049072,-573.885193,1001.117859,64.149048,-774.202271,570.652039,117.52916,-808.921204,477.737701,89.908447,-1005.608948,313.814026,169.202271,-1125.224609,188.835693,227.30072,-1191.836792,205.092773,207.827805,-1081.018799,47.24786,478.981842,-499.152496,591.909241,420.156433,-466.414246,503.007416,452.968048,-488.745331,267.260315,350.214783,-488.896454,73.66877,286.815613,-528.435425,28.430779,347.009033,-333.72818,42.822037
203,299.503082,-780.299194,1007.615784,143.341949,-594.680969,984.452209,387.905334,-558.42334,1002.817139,64.330086,-748.101685,566.663391,117.605316,-781.191711,474.653961,89.307297,-981.373108,317.52359,168.14769,-1105.283203,197.684448,226.492798,-1170.446533,219.435455,207.115417,-1072.764404,52.639011,479.574646,-488.167938,591.272095,420.800049,-455.784821,502.628662,452.943878,-484.052734,267.226471,349.841095,-488.239105,74.022774,286.791351,-528.148132,28.717693,346.761536,-333.11673,42.818428
204,299.813629,-764.934021,1009.53717,144.267685,-579.105286,985.636475,388.705872,-543.11969,1004.736755,64.812248,-721.948608,563.234009,117.873505,-752.874329,472.114349,88.697311,-955.596497,320.806396,167.313171,-1083.770752,206.59314,225.882782,-1147.621338,232.852966,205.75351,-1061.23999,59.163189,480.003113,-478.097076,590.582703,421.305847,-446.445984,502.050629,452.75174,-480.660217,267.159821,349.485718,-487.842621,74.275017,286.683258,-527.92041,28.864489,346.655945,-332.744965,42.977543
205,300.27005,-749.739441,1011.820374,145.158615,-563.809021,987.246521,389.452118,-527.983154,1006.854126,65.61026,-696.069519,560.670898,118.328209,-724.184753,470.31601,88.114738,-928.521606,323.790497,166.679733,-1060.812622,215.375275,225.456894,-1123.645386,244.890381,203.766693,-1045.997925,66.459763,480.293213,-468.713409,590.019775,421.658966,-438.253754,501.358826,452.50235,-478.170349,267.13736,349.186523,-487.619019,74.451935,286.531616,-527.76239,28.929514,346.640503,-332.539795,43.153263
206,300.867889,-734.717651,1014.43689,146.018509,-548.779419,989.280212,390.149658,-513.018127,1009.147705,66.69886,-670.675415,559.196533,118.953911,-695.317505,469.417389,87.623466,-900.450256,326.724152,166.208435,-1036.522827,223.79184,225.165161,-1098.764038,255.183136,201.300507,-1026.823853,74.060387,480.462006,-459.876343,589.681152,421.854187,-431.058563,500.630432,452.271545,-476.2005,267.191437,348.962646,-487.489502,74.58223,286.368652,-527.669739,28.965971,346.669281,-332.437256,43.268967
207,301.596832,-719.866394,1017.352844,146.854752,-533.994812,991.727539,390.807343,-498.224365,1011.595093,68.021629,-645.848694,558.920532,119.726898,-666.439575,469.520844,87.299057,-871.720093,329.916168,165.848541,-1011.003784,231.570435,224.927536,-1073.157593,263.484497,198.590622,-1003.765015,81.463051,480.517609,-451.510773,589.592224,421.895752,-424.716766,499.928436,452.093445,-474.456543,267.324615,348.814453,-487.39444,74.690125,286.215149,-527.627991,29.015844,346.709259,-332.387238,43.30117
208,302.441803,-705.17926,1020.529663,147.677124,-519.427368,994.568726,391.436432,-483.597412,1014.171692,69.506287,-621.561462,559.837585,120.617432,-637.689209,470.663452,87.206894,-842.662048,333.643311,165.550232,-984.348999,238.431931,224.658646,-1046.928955,269.669067,195.906937,-977.112061,88.202621,480.464752,-443.57431,589.730652,421.796753,-419.098969,499.30011,451.965942,-472.773468,267.528778,348.728638,-487.297485,74.794365,286.080963,-527.617004,29.108309,346.741791,-332.354553,43.260216
209,303.383606,-690.646545,1023.923889,148.496353,-505.045349,997.77301,392.049408,-469.12912,1016.849182,71.079475,-597.714539,561.847595,121.592239,-609.176697,472.816925,87.382477,-813.547607,338.050781,165.277908,-956.647888,244.118652,224.299652,-1020.108276,273.715454,193.490845,-947.336975,93.905708,480.31073,-436.034668,590.05188,421.578064,-414.095032,498.777985,451.862946,-471.117096,267.799225,348.684906,-487.184021,74.910393,285.96759,-527.615601,29.261208,346.760651,-332.3172,43.172482
210,304.399963,-676.256287,1027.487915,149.322708,-490.815979,1001.297424,392.658752,-454.808533,1019.595032,72.67601,-574.181641,564.787903,122.617271,-580.988037,475.89621,87.822655,-784.546143,343.076843,165.02002,-927.988464,248.419632,223.842407,-992.671265,275.675842,191.505951,-915.001282,98.3228,480.068237,-428.863983,590.507629,421.266937,-409.616028,498.382263,451.749756,-469.547485,268.13913,348.662354,-487.055145,75.052864,285.870697,-527.605042,29.484241,346.768616,-332.263184,43.066792
211,305.4664,-661.994873,1031.170898,150.164841,-476.707153,1005.087463,393.276093,-440.62326,1022.372681,74.240517,-550.84436,568.469116,123.660332,-553.18927,479.773224,88.488945,-755.711548,348.431854,164.792603,-898.458008,251.188431,223.336823,-964.56488,275.642059,190.014557,-880.657959,101.337029,479.755859,-422.043579,591.055542,420.895355,-405.592804,498.123444,451.596863,-468.161102,268.556213,348.643036,-486.920105,75.236771,285.782013,-527.570923,29.782608,346.773499,-332.18692,42.966141
212,306.556976,-647.848267,1034.919067,151.028854,-462.689178,1009.077942,393.911377,-426.560516,1025.142212,75.723701,-527.613403,572.70459,124.693047,-525.830505,484.292542,89.316734,-727.001404,353.646393,164.636246,-868.141602,252.351639,222.880524,-935.730957,273.71701,188.981949,-844.769836,102.953918,479.397491,-415.568542,591.663086,420.497864,-401.972321,498.004669,451.389832,-467.037781,269.056488,348.61377,-486.78894,75.47673,285.690247,-527.503662,30.159815,346.78479,-332.086212,42.88438
213,307.645172,-633.802429,1038.677368,151.917923,-448.735229,1013.195129,394.57254,-412.608093,1027.861328,77.07814,-504.437622,577.328369,125.691948,-498.949554,489.285889,90.228668,-698.318237,358.177368,164.607056,-837.116699,251.906296,222.595261,-906.11969,269.997162,188.301971,-807.663208,103.277336,479.021942,-409.445404,592.308716,420.10968,-398.71228,498.023865,451.133148,-466.209991,269.639801,348.567047,-486.667358,75.785568,285.582306,-527.397949,30.61908,346.810577,-331.960083,42.826473
214,308.704529,-619.844177,1042.390137,152.832214,-434.821442,1017.359985,395.265167,-398.75528,1030.487061,78.257469,-481.305115,582.200745,126.638718,-472.575134,494.58429,91.152336,-669.557312,361.536285,164.764206,-805.445129,249.906021,222.598358,-875.691284,264.567841,187.833817,-769.52594,102.476219,478.662872,-403.682129,592.980835,419.764435,-395.775818,498.175476,450.846985,-465.657867,270.299835,348.500092,-486.554047,76.172966,285.444519,-527.25177,31.163799,346.856232,-331.808289,42.790585
215,309.709473,-605.961243,1046.002319,153.769165,-420.926849,1021.491211,395.992615,-384.993408,1032.976807,79.218925,-458.237396,587.206909,127.519936,-446.729858,500.02713,92.038544,-640.64325,363.395172,165.156876,-773.16571,246.441666,222.977722,-844.408936,257.508118,187.43895,-730.439941,100.747658,478.357208,-398.27655,593.677002,419.492004,-393.127167,498.451874,450.559113,-465.32489,271.02829,348.412079,-486.440521,76.644562,285.264282,-527.065125,31.797802,346.923676,-331.631683,42.770744
216,310.635986,-592.142639,1049.460571,154.723846,-407.032837,1025.508301,396.756104,-371.316223,1035.290649,79.927765,-435.279694,592.252502,128.326538,-421.433105,505.467804,92.8713,-611.547852,363.636688,165.813217,-740.28949,241.623047,223.77652,-812.231445,248.900925,187.010315,-690.429504,98.2826,478.141998,-393.208496,594.401367,419.316467,-390.72876,498.84433,450.296143,-465.141388,271.81955,348.301697,-486.313965,77.202171,285.032043,-526.839539,32.525459,347.01178,-331.433136,42.759453
217,311.462158,-578.378784,1052.714722,155.689545,-393.123047,1029.334839,397.554932,-357.719818,1037.391602,80.362465,-412.489258,597.25946,129.053146,-396.703735,510.776398,93.664215,-582.286133,362.338501,166.733688,-706.799988,235.565201,224.988541,-779.108093,238.842896,186.49028,-649.505127,95.241737,478.049835,-388.437073,595.162292,419.254242,-388.540222,499.342926,450.077545,-465.043701,272.673279,348.166992,-486.161346,77.845573,284.74292,-526.578552,33.351307,347.117004,-331.218109,42.749855
218,312.168671,-564.661194,1055.71814,156.658386,-379.183105,1032.900879,398.386932,-344.202423,1039.247192,80.519333,-389.925476,602.160828,129.6978,-372.562531,515.840149,94.44648,-552.897644,359.708801,167.891281,-672.656799,228.380234,226.562744,-744.979065,227.450302,185.875488,-607.690857,91.746208,478.104187,-383.902771,595.967773,419.31311,-386.517609,499.936249,449.912964,-464.983551,273.594238,348.006897,-485.973969,78.573929,284.397827,-526.287476,34.279526,347.234589,-330.994781,42.737152
219,312.73938,-550.982422,1058.429321,157.621948,-365.200226,1036.144775,399.248596,-330.763885,1040.82959,80.414993,-367.64447,606.896606,130.262314,-349.034424,520.562073,95.247261,-523.421936,356.006134,169.23703,-637.801941,220.175415,228.414017,-709.779114,214.860443,185.207352,-565.031982,87.884331,478.315948,-379.532196,596.820496,419.49173,-384.613251,500.610931,449.802582,-464.92984,274.589691,347.823212,-485.749847,79.385643,284.003845,-525.972107,35.313225,347.359894,-330.773468,42.719234
220,313.161407,-537.33551,1060.811768,158.571915,-351.163269,1039.014771,400.135559,-317.404877,1042.115967,80.086212,-345.697357,611.409851,130.752975,-326.150024,524.858582,96.085121,-493.880981,351.472565,170.707733,-602.167053,211.057495,230.437515,-673.4422,201.229965,184.551407,-521.585449,83.730385,478.681702,-375.244263,597.712402,419.779968,-382.775177,501.35083,449.739258,-464.865143,275.665802,347.622314,-485.494141,80.277367,283.574951,-525.637878,36.452923,347.490051,-330.565125,42.696449
221,313.425537,-523.714111,1062.835327,159.500702,-337.062469,1041.469238,401.042725,-304.126221,1043.088867,79.588036,-324.1315,615.644836,131.180862,-303.945892,528.656921,96.963913,-464.273163,346.295044,172.234116,-565.681091,201.140533,232.523376,-635.905945,186.732529,183.972702,-477.403229,79.36795,479.18515,-370.95575,598.621399,420.159851,-380.947113,502.136444,449.711517,-464.778564,276.825073,347.415955,-485.217377,81.243492,283.131287,-525.28949,37.694584,347.625244,-330.379578,42.670582
222,313.526154,-510.111694,1064.475952,160.40181,-322.889557,1043.477295,401.964722,-290.927704,1043.735352,78.990112,-302.994171,619.54541,131.561188,-282.463074,531.893494,97.874702,-434.577789,340.594513,173.748184,-528.27655,190.555374,234.569031,-597.115295,171.557129,183.517502,-432.518982,74.90934,479.800507,-366.588165,599.511658,420.607452,-379.06897,502.945007,449.706696,-464.657379,278.063995,347.219116,-484.932831,82.275749,282.695221,-524.930481,39.028225,347.769531,-330.223419,42.64373
223,313.461243,-496.521423,1065.715942,161.270218,-308.637512,1045.018188,402.89624,-277.807526,1044.047119,78.371178,-282.336578,623.054016,131.911362,-261.743866,534.513123,98.800262,-404.765015,334.435364,175.188049,-489.894928,179.457901,236.486069,-557.025696,155.908676,183.205917,-386.946625,70.50563,480.495941,-362.075043,600.338196,421.09491,-377.078033,503.75058,449.712494,-464.481079,279.371399,347.045959,-484.652252,83.363045,282.2854,-524.563416,40.438107,347.930634,-330.098328,42.617577
224,313.232391,-482.935883,1066.5448,162.102509,-294.300903,1046.080933,403.832062,-264.761383,1044.02063,77.811783,-262.216644,626.112488,132.248215,-241.826904,536.469788,99.717781,-374.803772,327.847046,176.499878,-450.491852,168.035675,238.201447,-515.60675,140.011124,183.034073,-340.689667,66.347954,481.237152,-357.367065,601.052856,421.592773,-374.911011,504.525177,449.717316,-464.21875,280.72879,346.903992,-484.382355,84.492249,281.911743,-524.191467,41.904827,348.118225,-330.000854,42.59338
225,312.844421,-469.346802,1066.958008,162.896881,-279.875549,1046.663452,404.767487,-251.781998,1043.656372,77.385979,-242.699478,628.66272,132.585007,-222.741699,537.728577,100.599464,-344.665497,320.852936,177.637451,-410.043396,156.512192,239.655151,-472.848816,124.112236,182.98494,-293.758301,62.662708,481.990448,-352.432373,601.611938,422.072296,-372.506104,505.240479,449.708923,-463.830811,282.112152,346.790192,-484.123108,85.650024,281.572235,-523.818726,43.408447,348.341461,-329.92334,42.572277
226,312.305206,-455.744965,1066.958252,163.652969,-265.358765,1046.772095,405.698395,-238.858765,1042.959106,77.153252,-223.857635,630.645996,132.929428,-204.502411,538.269287,101.412102,-314.3237,313.501099,178.561707,-368.553619,145.147842,240.796722,-428.772491,108.48838,183.045105,-246.191422,59.701916,482.724548,-347.253174,601.980957,422.507263,-369.805023,505.869446,449.673187,-463.273621,283.496033,346.689758,-483.868378,86.824905,281.252289,-523.448486,44.931393,348.605988,-329.855774,42.555401
227,311.625305,-442.120117,1066.554321,164.371582,-250.749115,1046.420776,406.621124,-225.977692,1041.9375,77.152382,-205.773376,632.000122,133.282883,-187.102219,538.090149,102.117241,-283.750366,305.890808,179.241425,-326.064453,134.236069,241.583206,-383.442505,93.446518,183.219879,-198.076675,57.72871,483.411346,-341.819611,602.138184,422.875458,-366.755005,506.388367,449.592987,-462.505432,284.857758,346.577301,-483.60733,88.008919,280.926361,-523.080688,46.460773,348.910095,-329.788147,42.542965
228,310.817535,-428.46106,1065.761108,165.054398,-236.046402,1045.630737,407.532501,-213.121277,1040.603882,77.398293,-188.542145,632.655823,133.641342,-170.508362,537.21228,102.674393,-252.914841,298.189178,179.656769,-282.668152,124.092316,241.98143,-336.98465,79.320175,183.542068,-149.566086,56.997715,484.026855,-336.123138,602.075928,423.159698,-363.310028,506.778137,449.448822,-461.48996,286.18045,346.42041,-483.326141,89.198593,280.561646,-522.709412,47.989994,349.241821,-329.712708,42.532738
229,309.89682,-414.755524,1064.599487,165.703461,-221.251541,1044.429565,408.429474,-200.268738,1038.974609,77.882011,-172.272812,632.53656,133.997177,-154.658386,535.682007,103.04718,-221.789703,290.632843,179.804642,-238.521591,115.034431,241.975266,-289.603516,66.454803,184.070404,-100.887146,57.730412,484.551727,-330.15097,601.799744,423.348572,-359.431335,507.02533,449.220795,-460.195831,287.454224,346.185272,-483.009033,90.395515,280.123352,-522.323059,49.519882,349.578491,-329.624817,42.519955
230,308.879608,-400.990387,1063.095215,166.320618,-206.366348,1042.851318,409.308655,-187.396057,1037.06958,78.571449,-157.078552,631.565674,134.341599,-139.457825,533.571838,103.210617,-190.366211,283.510895,179.704437,-193.862198,107.354706,241.575653,-241.598877,55.181244,184.877792,-52.348648,60.085518,484.972198,-323.882385,601.3255,423.436279,-355.087402,507.122162,448.892395,-458.594147,288.675934,345.843597,-482.638306,91.606522,279.581696,-521.906677,51.059586,349.891235,-329.52298,42.499752
231,307.783936,-387.151764,1061.278809,166.906937,-191.393387,1040.935913,410.165894,-174.476257,1034.912231,79.411827,-143.052872,629.682373,134.667007,-124.780067,530.978699,103.159142,-158.678238,277.129517,179.402634,-149.021545,101.28553,240.830963,-193.37619,45.778912,186.032364,-4.340063,64.12738,485.279205,-317.287354,600.674988,423.422852,-350.252563,507.066467,448.454529,-456.655304,289.84845,345.378387,-482.194122,92.843559,278.918243,-521.444519,52.6269,350.15094,-329.408356,42.469437
232,306.628937,-373.225128,1059.18457,167.462128,-176.335678,1038.728394,410.995605,-161.479675,1032.529785,80.326698,-130.230453,626.864502,134.968689,-110.469208,528.019409,102.914421,-126.831291,271.76358,178.97377,-104.432854,96.963387,239.832474,-145.448166,38.433769,187.577347,42.673859,69.79792,485.467072,-310.327271,599.871704,423.313751,-344.90564,506.861023,447.908295,-454.348419,290.980133,344.788086,-481.65448,94.123306,278.130371,-520.922852,54.248188,350.333344,-329.283813,42.429287
233,305.434784,-359.195587,1056.850098,167.983932,-161.196396,1036.278687,411.790405,-148.374512,1029.952515,81.222511,-118.540085,623.152954,135.245987,-96.346275,524.824036,102.528259,-95.026642,267.606445,178.515671,-60.627472,94.399422,238.712128,-98.423698,33.198826,189.517197,88.169464,76.897934,485.534546,-302.957642,598.937744,423.120239,-339.028015,506.512634,447.26535,-451.641205,292.08493,344.087616,-480.996826,95.467255,277.233246,-520.332031,55.957584,350.423584,-329.152466,42.382347
234,304.222351,-345.048248,1054.315308,168.467743,-145.978394,1033.640747,412.540649,-135.12764,1027.213379,81.99984,-107.762375,618.672546,135.503128,-82.219513,521.527222,102.078194,-63.571217,264.728973,178.139465,-18.216267,93.461807,237.631088,-52.98312,29.966503,191.815048,131.590744,85.08136,485.487793,-295.13382,597.891663,422.858978,-332.601807,506.031006,446.548309,-448.500397,293.181488,343.307068,-480.200684,96.901993,276.259888,-519.668274,57.79575,350.418732,-329.015869,42.333847
235,303.012817,-330.768402,1051.621704,168.906464,-130.683853,1030.871094,413.234497,-121.705673,1024.347534,82.572052,-97.509041,613.641968,135.750458,-67.898262,518.258728,101.659668,-32.869297,263.053131,177.95697,22.144796,93.874107,236.760162,-9.838875,28.461975,194.399582,172.38446,93.864693,485.342712,-286.817474,596.74939,422.552155,-325.608337,505.427643,445.791046,-444.890961,294.290344,342.488983,-479.250153,98.458893,275.259186,-518.934753,59.808807,350.32785,-328.872345,42.290344
236,301.827301,-316.342316,1048.81189,169.290741,-115.314003,1028.02832,413.858154,-108.076447,1021.391541,82.888565,-87.238052,608.367798,136.005386,-53.208885,515.134216,101.375984,-3.391553,262.34845,178.066666,59.805119,95.233688,236.255341,30.314781,28.263472,197.176834,210.04216,102.652885,485.124634,-277.981354,595.526245,422.227142,-318.026489,504.714691,445.038727,-440.774994,295.43103,341.685852,-478.134644,100.173523,274.292084,-518.142029,62.047916,350.170044,-328.71521,42.258442
237,300.686279,-301.757843,1045.928223,169.609604,-99.86898,1025.171021,414.396423,-94.210548,1018.382813,82.955605,-76.311577,603.217468,136.292221,-38.009907,512.247986,101.327003,24.379255,262.259827,178.539658,94.180565,97.052307,236.232605,66.853004,28.850719,200.042633,244.139725,110.784645,484.865265,-268.609589,594.239624,421.916504,-309.831146,503.9039,444.345764,-436.112946,296.619659,340.957916,-476.847961,102.085365,273.426392,-517.305664,64.569168,349.971283,-328.531982,42.24287
238,299.609009,-287.005249,1043.012695,169.851532,-84.348038,1022.356812,414.833618,-80.083054,1015.35907,82.845337,-64.095062,598.57135,136.63942,-22.203056,509.668671,101.597183,50.017185,262.368286,179.408798,124.812096,98.816994,236.74733,99.266182,29.676043,202.894089,274.368378,117.596649,484.59848,-258.693604,592.909912,421.656982,-300.990814,503.005127,443.772125,-430.8685,297.869415,340.369537,-475.385651,104.237915,272.732056,-516.440247,67.433105,349.760223,-328.305237,42.244289
239,298.612762,-272.078094,1040.105591,170.005737,-68.749985,1019.640869,415.154724,-65.675232,1012.357666,82.685295,-50.084549,594.758972,137.074417,-5.738643,507.439392,102.2416,73.220306,262.271912,180.663757,151.412796,100.061829,237.785263,127.19902,30.245949,205.640442,300.558868,122.496895,484.355896,-248.225113,591.55896,421.487701,-291.464783,502.024567,443.37851,-425.013702,299.193542,339.984528,-473.741211,106.678444,272.27713,-515.549866,70.704498,349.565491,-328.014954,42.257591
240,297.712189,-256.974335,1037.245605,170.063675,-53.073982,1017.074646,415.346832,-50.976208,1009.415405,82.627045,-34.0299,591.994934,137.616394,11.384858,505.581848,103.272408,93.853722,261.66391,182.251953,173.898941,100.435982,239.267029,150.481522,30.198206,208.211975,322.700134,125.03299,484.16394,-237.188171,590.2052,421.448029,-281.200195,500.962982,443.219604,-418.529816,300.609375,339.860718,-471.899323,109.457413,272.122833,-514.616089,74.452995,349.412872,-327.643341,42.27039
241,296.91861,-241.696899,1034.468994,170.020325,-37.320606,1014.705078,415.400574,-35.984329,1006.567871,82.801132,-16.00008,590.336975,138.269165,29.125681,504.101563,104.651932,111.967957,260.389648,184.084564,192.40097,99.753586,241.063095,169.149551,29.358501,210.566086,340.949432,124.944855,484.043488,-225.551346,588.858337,421.574921,-270.129486,499.813721,443.336578,-411.401062,302.142059,340.04425,-469.825806,112.627716,272.316864,-513.585144,78.755173,349.321167,-327.180054,42.261608
242,296.239563,-226.254623,1031.809692,169.87532,-21.493082,1012.573914,415.311493,-20.708168,1003.849731,83.275162,3.650612,589.687561,139.016144,47.405708,502.993683,106.296654,127.794136,258.470642,186.046448,207.252029,98.015137,243.013489,183.451263,27.763548,212.687347,355.633453,122.19738,484.011871,-213.260803,587.514954,421.89975,-258.168396,498.561188,443.750519,-403.603973,303.827515,340.564545,-467.456482,116.244759,272.886444,-512.35675,83.698036,349.296417,-326.627716,42.201397
243,295.678497,-210.662506,1029.298584,169.633392,-5.598539,1010.716919,415.080994,-5.166946,1001.293884,84.034599,24.396738,589.837646,139.819382,66.117569,502.24765,108.089462,141.71553,256.090912,188.008301,218.954346,95.39608,244.948151,193.835068,25.643276,214.580795,367.230713,116.985458,484.086212,-200.235229,586.155884,422.445099,-245.216034,497.180573,444.458435,-395.095612,305.714081,341.431305,-464.686676,120.367241,273.83432,-510.774475,89.382584,349.326874,-326.005035,42.054173
244,295.234955,-194.941788,1026.963989,169.304291,10.350997,1009.164124,414.716949,10.609634,998.931396,84.990662,45.675053,590.534302,140.623062,85.131332,501.849976,109.892769,154.223236,253.553345,189.838913,228.127563,92.204781,246.704956,200.914581,23.362026,216.261368,376.328094,109.709648,484.284821,-186.363327,584.746094,423.221436,-231.157547,495.639252,445.432587,-385.801331,307.860901,342.634796,-461.364716,125.056816,275.138519,-508.621887,95.92527,349.380493,-325.346619,41.786552
245,294.904541,-179.119339,1024.831543,168.901871,26.338028,1007.939087,414.233551,26.582335,996.791504,86.006485,66.982849,591.546387,141.360657,104.301178,501.785156,111.556328,165.868988,251.214966,191.418945,235.434952,88.817017,248.145203,205.409409,21.327353,217.744812,383.552582,100.93161,484.624847,-171.505844,583.237122,424.224152,-215.870529,493.899994,446.624298,-375.604919,310.331787,344.148621,-457.290863,130.375061,276.755219,-505.626465,103.453949,349.408539,-324.698578,41.381546
246,294.679413,-163.226868,1022.924133,168.442841,42.339622,1007.058899,413.650482,42.703976,994.901123,86.928001,87.928505,592.705811,141.964111,123.471458,502.033264,112.923447,177.219193,249.408295,192.656403,241.493393,85.599274,249.167099,208.065018,19.885895,219.045837,389.483887,91.317024,485.117615,-155.503738,581.570251,425.431793,-199.234772,491.926331,447.972168,-364.345673,313.184357,345.933075,-452.224792,136.377136,278.622589,-501.473328,112.09568,349.355408,-324.107605,40.858227
247,294.548828,-147.299469,1021.26178,167.945053,58.328163,1006.533997,412.99173,58.92165,993.284851,87.610825,108.247917,593.917725,142.373596,142.480438,502.564331,113.847618,188.793533,248.359055,193.503006,246.78891,82.838196,249.71785,209.563019,19.234097,220.183136,394.567383,81.568764,485.763824,-138.194016,579.682251,426.80603,-181.145233,489.688965,449.412994,-351.825562,316.454437,347.9375,-445.90152,143.102463,280.665192,-495.829529,121.95636,349.174347,-323.601746,40.293461
248,294.499451,-131.374054,1019.862244,167.425919,74.272766,1006.367615,412.283875,75.179359,991.964783,87.941689,127.799591,595.14209,142.546326,161.160446,503.331421,114.229591,200.966415,248.117294,193.966751,251.622269,80.695702,249.804489,210.443863,19.379425,221.184525,399.061737,72.346931,486.550476,-119.432999,577.513977,428.293243,-161.526703,487.173126,450.8927,-337.827789,320.137299,350.101593,-438.056549,150.56395,282.797913,-488.376892,133.094421,348.846832,-323.160889,39.839684
249,294.51593,-115.487617,1018.740601,166.901016,90.141113,1006.555359,411.554169,91.42083,990.960449,87.854851,146.539734,596.36377,142.462875,179.334549,504.265747,114.066269,213.839066,248.534958,194.11264,256.106232,79.205475,249.498016,211.070282,20.169634,222.080627,403.054352,64.184479,487.448883,-99.125298,575.022339,429.827942,-140.348038,484.386505,452.37561,-322.14444,324.170624,352.356232,-428.456543,158.738434,284.931213,-478.848297,145.49205,348.401398,-322.677368,39.730247
250,294.581238,-99.675606,1017.90979,166.383286,105.901489,1007.085754,410.828644,107.592209,990.28894,87.344254,164.46933,597.566589,142.129379,196.813522,505.279266,113.471085,227.148819,249.31929,194.04393,260.215668,78.303818,248.919128,211.639267,21.362749,222.886475,406.533356,57.436195,488.413025,-77.254028,572.195313,431.337952,-117.633003,481.366333,453.848541,-304.607422,328.427032,354.625641,-416.927368,167.561081,286.979004,-467.060394,159.0289,347.925629,-321.912964,40.263058
251,294.67746,-83.970467,1017.380615,165.882645,121.524666,1007.940063,410.13028,123.644569,989.965027,86.467789,181.561279,598.717712,141.574677,213.399902,506.275665,112.632629,240.308075,250.140869,193.870911,263.858582,77.870682,248.208099,212.222992,22.700359,223.589127,409.459076,52.266563,489.379456,-53.905136,569.068298,432.751282,-93.464386,478.185242,455.319031,-285.114868,332.722473,356.830811,-403.369934,176.925659,288.867859,-452.934723,173.464905,347.563385,-320.467041,41.757034
252,294.786438,-68.400421,1017.16217,165.405853,136.985519,1009.094238,409.477448,139.535995,990.001221,85.336609,197.710068,599.76886,140.843933,228.903397,507.166382,111.741013,252.573608,250.744125,193.68306,266.933838,77.76577,247.492722,212.814453,23.963165,224.15419,411.803131,48.653236,490.271942,-29.278555,565.739258,434.003448,-67.979919,474.953949,456.808716,-263.645142,336.842743,358.894623,-387.76059,186.689484,290.544189,-436.503632,188.438889,347.492859,-317.775513,44.484013
253,294.890808,-52.98856,1017.261475,164.956451,152.26416,1010.52002,408.88269,155.233185,990.408447,84.089203,212.744064,600.672729,139.99176,243.164108,507.885498,110.932091,263.252106,251.011398,193.535477,269.37027,77.855904,246.867004,213.368683,25.002983,224.547745,413.56662,46.410992,491.011108,-3.67912,562.375488,435.044556,-41.360847,471.818756,458.342529,-240.255844,340.58075,360.74881,-370.140228,196.678955,291.978607,-417.903015,203.48735,347.88797,-313.15506,48.591064
254,294.974976,-37.75227,1017.68335,164.534836,167.346558,1012.186646,408.351898,170.712387,991.195801,82.858986,226.497818,601.403564,139.077179,256.074219,508.396912,110.267929,271.85611,250.963684,193.450272,271.151154,78.033035,246.384308,213.835938,25.750973,224.756393,414.791779,45.245876,491.527008,22.516804,559.203552,435.844452,-13.816566,468.952667,459.935242,-215.073883,343.775818,362.344116,-350.598846,206.691833,293.169342,-397.355255,218.08165,348.874237,-305.880981,54.043201
255,295.02597,-22.703005,1018.429504,164.138367,182.224548,1014.062561,407.884033,185.959671,992.369934,81.749138,238.88913,601.96875,138.160309,267.590393,508.694305,109.747757,278.189423,250.711823,193.426529,272.320526,78.221771,246.060745,214.182526,26.206873,224.794388,415.558685,44.825165,491.769928,48.914017,556.481262,436.394257,14.431205,466.540741,461.577454,-188.288651,346.350403,363.660095,-329.260162,216.495667,294.146545,-375.145752,231.676605,350.492188,-295.27121,60.611851
256,295.034119,-7.846394,1019.497559,163.761566,196.89534,1016.115967,407.471405,200.970444,993.933899,80.824326,249.949585,602.404541,137.299576,277.734894,508.795532,109.337784,282.366577,250.387466,193.451935,272.971252,78.378563,245.884766,214.39856,26.418032,224.698471,415.970612,44.839531,491.716553,75.158188,554.455994,436.703308,43.162151,464.761932,463.223633,-160.152328,348.340698,364.710663,-306.266937,225.829239,294.973969,-351.58847,243.764359,352.678528,-280.773804,67.905197
257,294.993591,6.817322,1020.879639,163.396545,211.360809,1018.31488,407.100403,215.74855,995.885254,80.117851,259.805908,602.762512,136.548569,286.587524,508.734863,109.003693,284.76593,250.089752,193.51207,273.224884,78.486099,245.828751,214.496368,26.456299,224.516556,416.137146,45.043194,491.369598,100.986031,553.323425,436.793579,72.168159,463.769989,464.788513,-130.977676,349.909424,365.543762,-281.767914,234.410568,295.74231,-326.977905,253.926559,355.272217,-262.057159,75.4245
258,294.902679,21.292635,1022.561279,163.033401,225.626663,1020.627319,406.752747,230.304871,998.214417,79.644203,268.639191,603.09436,135.952576,294.272034,508.555176,108.730728,285.929962,249.866638,193.595886,273.211304,78.546028,245.859818,214.503815,26.398191,224.297409,416.159973,45.269493,490.753815,126.25174,553.199463,436.693451,101.261177,463.676514,466.155914,-101.119286,351.325195,366.233551,-255.907532,241.951172,296.551117,-301.53952,261.872009,358.051056,-239.076065,82.635994
259,294.763641,35.587967,1024.520264,162.660904,239.701492,1023.020142,406.407257,244.655762,1000.902527,79.407692,276.647827,603.439758,135.545609,300.940674,508.301025,108.526802,286.443359,249.724045,193.697678,273.052246,78.571571,245.947922,214.45607,26.310904,224.08345,416.122467,45.427017,489.911591,150.924271,554.111145,436.433716,130.278381,464.539154,467.202118,-70.935822,352.903473,366.864075,-228.82048,248.177078,297.48407,-275.401062,267.447479,360.788574,-212.076355,89.047813
260,294.58252,49.714821,1026.72583,162.267303,253.596024,1025.458984,406.041656,258.821259,1003.920044,79.40461,284.026215,603.822083,135.347656,306.758759,508.013885,108.413872,286.81958,249.64534,193.816605,272.849518,78.580887,246.070114,214.387985,26.244606,223.906219,416.084412,45.483841,488.899628,175.061935,556.005798,436.045807,159.084808,466.356842,467.826599,-40.745201,354.924133,367.507721,-200.629929,252.85498,298.586487,-248.59639,270.621094,363.303375,-181.526703,94.27639
261,294.3685,63.686939,1029.138916,161.84137,267.322418,1027.907471,405.634613,272.823425,1007.226257,79.621368,290.953491,604.249451,135.363205,311.890442,507.729126,108.414749,287.418213,249.609436,193.95517,272.677704,78.592102,246.211731,214.328354,26.23007,223.784576,416.081085,45.4473,487.78595,198.777069,558.770569,435.561188,187.57341,469.072937,467.979248,-10.78688,357.549988,368.205475,-171.446487,255.817917,299.85257,-221.090652,271.450409,365.486237,-148.009109,98.088142
262,294.133179,77.519531,1031.712769,161.373398,280.893738,1030.327637,405.167755,286.684967,1010.769165,80.033043,297.585571,604.719238,135.581024,316.486389,507.474396,108.541649,288.406525,249.603622,194.116837,272.582184,78.620766,246.365326,214.29686,26.280046,223.725052,416.126251,45.344803,486.645966,222.201706,562.257813,435.010071,215.662903,472.584595,467.673645,18.800129,360.768829,368.956818,-141.365341,256.981689,301.226288,-192.809937,270.048401,367.30658,-112.111961,100.407578
263,293.889862,91.228539,1034.393799,160.856308,294.323456,1032.679932,404.627075,300.42804,1014.486816,80.604774,304.046051,605.222778,135.975494,320.674805,507.269073,108.790436,289.769867,249.62822,194.30426,272.581879,78.678452,246.528656,214.30336,26.393047,223.724075,416.217621,45.209091,485.556427,245.459885,566.306946,434.419647,243.294327,476.755524,466.982208,47.979698,364.377075,369.723724,-110.462509,256.34552,302.613678,-163.663284,266.556976,368.802551,-74.357361,101.293594
264,293.652466,104.830132,1037.123413,160.286377,307.624817,1034.923828,404.00415,314.073578,1018.309021,81.296089,310.418213,605.748901,136.509262,324.556061,507.124817,109.141434,291.366699,249.693588,194.518127,272.674683,78.771751,246.702271,214.348953,26.558302,223.7715,416.343414,45.068748,484.587311,268.648682,570.761108,433.812408,270.427246,481.429474,466.019196,76.80336,368.012756,370.446136,-78.790894,253.978058,303.904022,-133.55661,261.131714,370.060486,-35.167881,100.895889
265,293.435028,118.340195,1039.840088,159.663742,320.810638,1037.019165,403.296631,327.640869,1022.159851,82.065689,316.741272,606.286926,137.136673,328.201996,507.046204,109.564186,293.012238,249.812683,194.756454,272.843994,78.902031,246.887589,214.428192,26.760754,223.854324,416.488708,44.943779,483.794159,291.828278,575.476257,433.205536,297.035828,486.442505,464.917419,105.382889,371.229462,371.061584,-46.377468,249.995895,304.992889,-102.401031,253.935287,371.18692,5.138188,99.406807
266,293.250977,131.774109,1042.481323,158.99234,333.892609,1038.927246,402.508087,341.147583,1025.960449,82.873581,323.015198,606.827332,137.807755,331.659149,507.032166,110.023697,294.552002,249.993439,195.014175,273.064819,79.066124,247.085205,214.531555,26.985435,223.959824,416.640442,44.845058,483.212952,315.019012,580.325378,432.612,323.105225,491.633026,463.805725,133.859192,373.58606,371.521759,-13.223307,244.542419,305.802063,-70.119011,245.134827,372.280609,46.337616,97.022079
267,293.112793,145.1465,1044.986206,158.279495,346.881042,1040.611816,401.647522,354.610107,1029.631714,83.68071,329.213806,607.362061,138.471985,334.95459,507.076935,110.485733,295.896973,250.233719,195.283127,273.309021,79.257912,247.294113,214.647903,27.221134,224.077377,416.790741,44.776012,482.85849,338.204956,585.199219,432.041931,348.627258,496.849396,462.791107,162.374771,374.727173,371.802826,20.692934,237.769775,306.292694,-36.649376,234.900299,373.410797,88.290001,93.917099
268,293.031738,158.471191,1047.296875,157.535187,359.784637,1042.040527,400.728058,368.044067,1033.097534,84.447525,335.302307,607.883057,139.081619,338.103424,507.171448,110.920044,297.018768,250.521744,195.552765,273.550293,79.470291,247.511292,214.766647,27.463041,224.198975,416.937775,44.735157,482.725281,361.340973,590.00531,431.504028,373.595978,501.954681,461.94986,191.05307,374.433777,371.908478,55.40921,229.826035,306.469879,-1.949995,223.402222,374.605164,130.925842,90.239151
269,293.017761,171.761124,1049.360718,156.771042,372.610626,1043.186035,399.766052,381.464905,1036.286621,85.133507,341.253876,608.380737,139.594589,341.115906,507.304596,111.301933,297.923706,250.841034,195.811417,273.76828,79.696602,247.731537,214.87941,27.713371,224.318771,417.085022,44.71838,482.789825,384.360657,594.666016,431.00592,398.003113,506.829559,461.325226,219.985626,372.637817,371.867157,90.973732,220.849457,306.379089,34.003708,210.809525,375.848846,174.233032,86.111977
270,293.079468,185.028458,1051.131714,155.999298,385.36499,1044.026489,398.77948,394.888336,1039.135254,85.698112,347.059906,608.843933,139.976807,344.003326,507.464478,111.611855,298.626862,251.176498,196.047241,273.950806,79.931068,247.947525,214.98111,27.979866,224.431763,417.239136,44.720299,483.014526,407.183502,599.116882,430.554504,421.83432,511.373077,460.930206,249.228134,369.404419,371.725037,127.439804,210.970261,306.095032,71.224335,197.289612,377.094574,218.240082,81.64653
271,293.224182,198.28447,1052.571045,155.231888,398.052948,1044.545898,397.786896,408.330231,1041.588257,86.103172,352.733063,609.259155,140.204132,346.782013,507.639038,111.83358,299.142273,251.518524,196.248932,274.093719,80.168999,248.150192,215.070709,28.273151,224.532654,417.407471,44.734653,483.351746,429.720276,603.304382,430.155548,445.06662,515.501709,460.755005,278.805878,364.895691,371.537506,164.862274,200.317276,305.706696,109.719284,183.012238,378.279785,262.995697,76.954453
272,293.457886,211.539658,1053.648193,154.479568,410.679688,1044.734741,396.80603,421.806641,1043.600342,86.316261,358.304169,609.60968,140.263596,349.475586,507.816742,111.953873,299.490356,251.863678,196.406723,274.199982,80.407684,248.330017,215.150558,28.604105,224.615005,417.595764,44.753925,483.748413,451.875854,607.184326,429.813629,467.667633,519.147461,460.776123,308.724274,359.327087,371.361176,203.294327,189.02774,305.303864,149.495468,168.155563,379.342651,308.547607,72.162224
273,293.785187,224.803741,1054.341064,153.751373,423.251068,1044.589844,395.853149,435.33316,1045.136597,86.314919,363.814514,609.874207,140.154083,352.115234,507.986694,111.9645,299.7099,252.213425,196.513748,274.27774,80.647835,248.479248,215.223984,28.981647,224.671341,417.806671,44.768959,484.150146,473.551361,610.719055,429.53186,489.596832,522.255249,460.965332,338.979401,352.928253,371.248108,242.783035,177.258499,304.969055,190.560165,152.912476,380.233887,354.924896,67.423492
274,294.20932,238.085739,1054.635864,153.054169,435.774231,1044.113525,394.942108,448.924469,1046.172729,86.090134,369.30661,610.027039,139.8862,354.739136,508.138733,111.865562,299.860199,252.572021,196.567932,274.337738,80.894753,248.594788,215.293411,29.411465,224.694107,418.039276,44.769573,484.506073,494.646271,613.872681,429.31192,510.809906,524.780334,461.295837,369.564209,345.91626,371.242859,283.364655,165.195999,304.774139,232.919037,137.496399,380.921722,402.126617,62.927429
275,294.731842,251.393875,1054.526978,152.392578,448.258301,1043.313721,394.084167,462.59375,1046.69519,85.648285,374.815796,610.041809,139.48111,357.391052,508.263458,111.66861,300.011688,252.944534,196.573959,274.391083,81.158249,248.681183,215.360138,29.89625,224.677536,418.288818,44.746624,484.772919,515.060181,616.603149,429.154236,531.264954,526.687073,461.74704,400.471222,338.48584,371.381439,325.059723,153.062302,304.778748,276.571442,122.146507,381.390167,450.114014,58.900677
276,295.3526,264.735687,1054.016846,151.769089,460.714478,1042.203003,393.287842,476.351929,1046.700439,85.011848,380.36496,609.896301,138.96875,360.118408,508.352386,111.398056,300.232941,253.334702,196.54483,274.447479,81.451012,248.75264,215.425751,30.437346,224.619354,418.545593,44.694366,484.919464,534.693359,618.85376,429.058319,550.929749,527.949097,462.306366,431.69104,330.814392,371.690674,367.867035,141.116318,305.028931,321.499146,107.131004,381.632172,498.806519,55.602711
277,296.06955,278.118134,1053.115356,151.184341,473.156097,1040.798218,392.558777,490.207397,1046.194702,84.218445,385.962036,609.578003,138.384964,362.970093,508.39801,111.090073,300.581757,253.742508,196.502045,274.514801,81.785713,248.833679,215.493423,31.03607,224.522034,418.795471,44.612568,484.931274,553.447449,620.546265,429.022827,569.788391,528.552612,462.968567,463.206909,323.075562,372.187561,411.752869,129.649796,305.554504,367.650085,92.74633,381.642029,548.082397,53.316257
278,296.878632,291.547699,1051.8396,150.637543,485.597992,1039.119751,391.900085,504.16568,1045.193848,83.31739,391.600677,609.088745,137.768265,365.994507,508.393829,110.788849,301.103333,254.163925,196.474335,274.598572,82.171494,248.957535,215.567673,31.693878,224.392654,419.024689,44.50779,484.814453,571.229553,621.580994,429.045715,587.847473,528.500305,463.732361,494.984833,315.452759,372.876923,456.635345,118.977402,306.365662,414.91983,79.311058,381.410278,597.778748,52.332123
279,297.773621,305.030548,1050.212769,150.126968,498.056061,1037.190674,391.312592,518.229492,1043.7229,82.36451,397.265656,608.447144,137.156555,369.238251,508.334686,110.539536,301.830719,254.593628,196.494949,274.702118,82.611824,249.161774,215.653076,32.412369,224.241943,419.225891,44.391899,484.598785,587.962341,621.846802,429.124115,605.140869,527.815979,464.595123,526.960266,308.143921,373.748291,502.365509,109.419937,307.448761,463.135651,67.15242,380.924774,647.686218,52.925533
280,298.746124,318.572968,1048.264404,149.650467,510.547333,1035.036499,390.795288,532.398987,1041.81543,81.416779,402.944336,607.685791,136.584488,372.745636,508.216675,110.381073,302.782379,255.028168,196.596741,274.827148,83.105911,249.482559,215.753036,33.194897,224.08342,419.397736,44.277725,484.339813,603.59967,621.240112,429.254089,621.733154,526.547729,465.545563,559.021851,301.353638,374.774078,548.707825,101.280006,308.761536,512.042664,56.583782,380.179565,697.537476,55.321972
281,299.785614,332.181549,1046.028564,149.205994,523.090088,1032.685181,390.345947,546.67218,1039.51355,80.527855,408.643005,606.843811,136.081497,376.559387,508.037231,110.342575,303.95755,255.468048,196.806335,274.97525,83.653084,249.949493,215.869507,34.049911,223.931915,419.541199,44.17532,484.118011,618.146301,619.689026,429.430206,637.71991,524.76947,466.556396,590.997986,295.273712,375.907898,595.322998,94.809975,310.228363,561.289246,47.874401,379.189972,746.992371,59.654293
282,300.8797,345.863739,1043.543945,148.792084,535.704041,1030.165894,389.961609,561.045959,1036.867188,79.744225,414.400848,605.957275,135.670853,380.721771,507.794891,110.442657,305.337341,255.919037,197.139618,275.150482,84.257362,250.580765,216.003769,34.993099,223.801468,419.657562,44.090504,484.031982,631.676758,617.177368,429.644958,653.226624,522.578796,467.5802,622.651001,290.056458,377.083862,641.758972,90.17572,311.739166,610.414429,41.212917,378.007782,795.625549,65.916634
283,302.014038,359.628235,1040.852783,148.40831,548.41095,1027.509766,389.639374,575.516846,1033.934082,79.102394,420.2948,605.051575,135.368958,385.27652,507.489136,110.689453,306.897919,256.393494,197.599197,275.361267,84.929626,251.379257,216.157104,36.04731,223.703049,419.749268,44.024952,484.18396,644.350952,613.763123,429.887604,668.402954,520.092224,468.549652,653.682373,285.78775,378.21759,687.453491,87.420654,313.154999,658.84436,36.669884,376.72467,842.9245,73.923019
284,303.172882,373.485413,1038.000122,148.05571,561.234802,1024.748779,389.376709,590.082092,1030.778076,78.626945,426.432465,604.137695,135.18486,390.269714,507.120422,111.079262,308.630157,256.909454,198.173965,275.621704,85.687408,252.329697,216.330902,37.241848,223.643707,419.820953,43.977165,484.656555,656.419495,609.588135,430.14267,683.4151,517.437622,469.38327,683.752502,282.468689,379.210693,731.752014,86.438637,314.321777,705.901978,34.167755,375.461365,888.303772,83.28447
285,304.339081,387.447754,1035.032959,147.736847,574.202026,1021.915466,389.17218,604.740601,1027.468262,78.328575,432.934784,603.213501,135.120041,395.749725,506.690155,111.595131,310.55661,257.486176,198.839584,275.951538,86.553703,253.396667,216.526382,38.611629,223.626846,419.880615,43.943848,485.484406,668.2146,604.875549,430.388855,698.434937,514.744385,469.995941,712.512329,280.011902,379.96167,773.942505,86.964264,315.091309,750.834656,33.465759,374.345764,931.135803,93.418373
286,305.494659,401.529785,1031.999146,147.455994,587.340942,1019.042358,389.025757,619.494019,1024.077759,78.202682,439.915436,602.269104,135.168427,401.76593,506.201233,112.205925,312.739471,258.13974,199.558533,276.375214,87.556435,254.524551,216.744461,40.19656,223.652588,419.93988,43.921425,486.628448,680.123413,599.916016,430.598755,713.627136,512.133911,470.309357,739.640625,278.254822,380.380981,813.306152,88.588821,315.34726,792.859924,34.167774,373.485382,970.795837,103.59523
287,306.621063,415.747986,1028.946899,147.218903,600.681824,1016.161743,388.938751,634.346924,1020.680603,78.23011,447.464539,601.294617,135.316513,408.366241,505.65863,112.867683,315.274536,258.881195,200.281342,276.919342,88.727737,255.640045,216.985916,42.041344,223.717529,420.013428,43.907398,487.963196,692.545349,595.042175,430.740265,729.136047,509.710297,470.262207,764.88385,276.989899,380.404877,849.180237,90.804596,315.029297,831.226929,35.757824,372.940186,1006.715332,113.016747
288,307.699738,430.120239,1025.923706,147.032333,614.255249,1013.304565,388.913696,649.307495,1017.350281,78.380783,455.641785,600.286499,135.543762,415.595184,505.069916,113.526657,318.274353,259.718323,200.950424,277.609985,90.102608,256.657257,217.252472,44.194927,223.813873,420.117828,43.901623,489.288147,705.835999,590.591919,430.780243,745.072815,507.554138,469.821747,788.093994,276.00412,380.003357,881.02356,93.070335,314.145569,865.284729,37.661064,372.701294,1038.437622,120.910316
289,308.712769,444.664795,1022.975403,146.903549,628.091431,1010.50061,388.953522,664.387024,1014.156921,78.619347,464.478363,599.251465,135.823624,423.492401,504.445282,114.122009,321.846832,260.657837,201.506058,278.470551,91.718262,257.487274,217.549515,46.709839,223.928574,420.270355,43.907246,490.368378,720.244934,586.860779,430.689484,761.504517,505.718903,468.995697,809.253845,275.116791,379.180023,908.474121,94.884941,312.768402,894.549255,39.321655,372.681,1065.671143,126.623024
290,309.643494,459.399048,1020.145264,146.839508,642.218384,1007.777771,389.060516,679.599182,1011.164673,78.910744,473.985413,598.205994,136.12558,432.092712,503.796295,114.591362,326.076019,261.707825,201.893707,279.521637,93.614868,258.051056,217.889709,49.641891,224.043106,420.488251,43.930084,490.996552,735.861633,584.048279,430.448883,778.447693,504.230042,467.839447,828.47644,274.203888,377.967041,931.389648,95.853806,311.01532,918.758972,40.283188,372.71814,1088.330811,129.697678
291,310.477295,474.33786,1017.473511,146.846329,656.660095,1005.161926,389.235504,694.95874,1008.429443,79.223976,484.165131,597.171448,136.417953,441.428131,503.133881,114.879616,331.007874,262.882202,202.071381,280.782928,95.837059,258.294342,218.297256,53.05019,224.134521,420.788269,43.975658,491.052063,752.59845,582.221008,430.054871,795.867004,503.086121,466.450165,845.974854,273.203339,376.41983,949.865479,95.735451,309.025513,937.911072,40.253017,372.600098,1106.560913,129.919037
292,311.202332,489.491791,1014.996582,146.928589,671.434631,1002.676636,389.47702,710.479126,1005.997314,79.533356,495.020111,596.169006,136.671188,451.531799,502.465118,114.949242,336.645691,264.205444,202.01474,282.278076,98.435616,258.199219,218.813095,56.997738,224.178726,421.185608,44.044243,490.529694,770.239075,581.314453,429.52301,813.67981,502.261871,464.946777,862.004578,272.102386,374.614136,964.230103,94.461998,306.941864,952.271301,39.13728,372.101776,1120.729492,127.324799
293,311.809998,504.865173,1012.74646,147.089081,686.551392,1000.342712,389.781158,726.170105,1003.903442,79.818085,506.558289,595.214417,136.860641,462.443176,501.789642,114.788429,342.956512,265.716217,201.719086,284.041595,101.467049,257.78952,219.501343,61.552826,224.155426,421.691925,44.126278,489.526276,788.5224,581.170288,428.889038,831.764343,501.714264,463.440674,876.80127,270.916382,372.645599,975.015747,92.133179,304.900177,962.350708,37.041649,371.035736,1131.397217,122.180832
294,312.29541,520.454651,1010.750732,147.328476,702.009338,998.178162,390.141876,742.035095,1002.171631,80.062447,518.79425,594.314331,136.969009,474.213623,501.096497,114.41452,349.88681,267.467651,201.198318,286.126465,104.989853,257.126434,220.456879,66.790634,224.053482,422.312073,44.199989,488.20343,807.206726,581.589355,428.206726,849.972839,501.391541,462.012299,890.537476,269.670898,370.628326,982.905334,88.987961,303.02301,968.849731,34.240326,369.301514,1139.262695,114.929276
295,312.657349,536.248047,1009.032227,147.645493,717.79541,996.198486,390.551941,758.068848,1000.815369,80.257294,531.749939,593.462646,136.987717,486.910248,500.361664,113.871262,357.386047,269.52475,200.481339,288.612457,109.058449,256.295532,221.811996,72.79438,223.875366,423.040436,44.231693,486.750275,826.090942,582.380859,427.542511,868.146545,501.243408,460.709869,903.325684,268.400146,368.689362,988.659851,85.361008,301.416199,972.580994,31.120392,366.920593,1145.091064,106.126045
296,312.898315,552.223694,1007.608887,148.037125,733.883423,994.416443,391.003815,774.255737,999.838562,80.401642,545.458374,592.636047,136.917587,500.617432,499.547302,113.220642,365.435272,271.961517,199.606201,291.614044,113.717377,255.388962,223.740585,79.655823,223.639969,423.858093,44.180111,485.356903,845.003052,583.395386,426.96698,886.130615,501.230347,459.571838,915.269775,267.160248,366.958282,993.033936,81.630615,300.1651,974.382996,28.110346,364.044159,1149.629639,96.384773
297,313.0242,568.350952,1006.493958,148.499039,750.234558,992.843018,391.490936,790.569153,999.237488,80.502792,559.968933,591.789246,136.768311,515.434509,498.602844,112.531998,374.075287,274.856445,198.613098,295.287079,118.997726,254.486679,226.458542,87.473557,223.383575,424.733093,44.006313,484.196014,863.780273,584.536194,426.544342,903.787109,501.328583,458.656219,926.527283,266.04187,365.55072,996.688416,78.163254,299.32782,975.032288,25.600624,360.926056,1153.519409,86.334366
298,313.044189,584.591003,1005.695801,149.025818,766.797729,991.487671,392.008453,806.97229,999.002136,80.573952,575.35376,590.851746,136.557098,531.468872,497.468994,111.870087,383.426361,278.283173,197.538361,299.829346,124.914597,253.642059,230.217941,96.346878,223.158752,425.626129,43.690121,483.407593,882.259521,585.754578,426.321503,921.002502,501.529388,458.05426,937.337891,265.163971,364.546844,1000.112061,75.259384,298.925507,975.165161,23.866854,357.860535,1157.210938,76.584503
299,312.970856,600.89917,1005.218323,149.611084,783.512085,990.359497,392.553497,823.419617,999.117615,80.630264,591.710327,589.729309,136.306732,548.825623,496.08429,111.286301,393.691559,282.293152,196.411163,305.472778,131.464539,252.874939,235.293015,106.36438,223.029449,426.502991,43.250973,483.082642,900.285706,587.034729,426.318756,937.688354,501.832092,457.874939,947.993774,264.643463,363.968445,1003.567627,73.107956,298.933807,975.2229,23.012602,355.101898,1160.909058,67.686646
300,312.82016,617.226807,1005.060913,150.247375,800.308899,989.467407,393.125031,839.860413,999.565186,80.684677,609.15625,588.313354,136.04306,567.593811,494.394806,110.814583,405.138062,286.892212,195.254166,312.466125,138.623734,252.173828,241.958298,117.586205,223.060379,427.355865,42.769867,483.246094,917.731323,588.373413,426.524872,953.775757,502.232635,458.198547,958.752625,264.549347,363.761871,1007.084473,71.762939,299.278534,975.436035,22.957623,352.797791,1164.573975,60.081009
301,312.611694,633.524536,1005.219116,150.926025,817.115051,988.821045,393.722961,856.241882,1000.322998,80.746017,627.813965,586.497681,135.792923,587.831787,492.365723,110.469231,418.056519,292.016754,194.08754,321.049072,146.34758,251.50531,250.46138,130.021408,223.301254,428.235443,42.406811,483.845215,934.508179,589.757324,426.898315,969.204163,502.712402,459.015289,969.719238,264.864288,363.803528,1010.517212,71.155128,299.842224,975.858948,23.487514,350.971832,1168.00647,54.037582
302,312.368774,649.744324,1005.68512,151.636963,833.856323,988.430786,394.347137,872.513428,1001.366272,80.82074,647.784546,584.201355,135.582657,609.553894,489.993561,110.243492,432.714996,297.518829,192.933182,331.421631,154.573318,250.827225,260.995392,143.604767,223.768234,429.290039,42.404758,484.752838,950.549072,591.143677,427.375488,983.910217,503.232208,460.187866,980.75116,265.482849,363.940643,1013.655701,71.13063,300.488953,976.436707,24.336596,349.562683,1170.981201,49.622482
303,312.117859,665.842224,1006.448547,152.368851,850.460815,988.307983,394.996368,888.630127,1002.667664,80.917564,669.118408,581.394897,135.437393,632.720947,487.316772,110.111336,449.31842,303.173096,191.817688,343.717407,163.225693,250.102951,273.676971,158.17778,224.427505,430.801727,43.070599,485.791016,965.766724,592.447632,427.88327,997.823547,503.736237,461.482056,991.467529,266.250061,364.042236,1016.328552,71.495033,301.098175,977.072266,25.262472,348.484467,1173.34729,46.705391
304,311.887665,681.780212,1007.497253,153.109497,866.862305,988.464539,395.667603,904.555359,1004.198059,81.053322,691.78833,578.123718,135.380646,657.238403,484.422241,110.032715,467.978638,308.711273,190.773087,357.990234,172.222748,249.314346,288.534302,173.477295,225.190247,433.204956,44.72784,486.771484,980.037842,593.552856,428.351471,1010.873657,504.164246,462.649963,1001.384094,267.014862,364.02832,1018.4505,72.054337,301.586884,977.672119,26.089268,347.666382,1175.063721,45.012272
305,311.707397,697.527161,1008.818115,153.846405,883.003601,988.91272,396.355621,920.262634,1005.927551,81.256325,715.669556,574.52301,135.433136,682.960999,481.444946,109.961739,488.699036,313.876556,189.835831,374.216339,181.476212,248.469543,305.506348,189.136536,225.928009,437.071442,47.644333,487.539093,993.244934,594.352661,428.721893,1023.003906,504.46524,463.506927,1010.089294,267.671661,363.871857,1020.019592,72.648964,301.915863,978.168884,26.720926,347.053619,1176.184814,44.204781
306,311.604797,713.060242,1010.397461,154.567825,898.838806,989.66449,397.053345,935.735779,1007.826477,81.563606,740.537354,570.816711,135.610931,709.704712,478.559906,109.856667,511.375336,318.481293,189.041702,392.310455,190.883865,247.601135,324.450775,204.70401,226.507706,443.053223,51.954109,487.999634,1005.348938,594.797424,428.952667,1034.18457,504.607239,463.96698,1017.35791,268.174103,363.586548,1021.094482,73.173355,302.083893,978.528381,27.133917,346.597198,1176.827271,43.952572
307,311.603912,728.364685,1012.221191,155.263809,914.335693,990.730652,397.75238,950.968689,1009.867065,82.012848,766.089294,567.29657,135.923752,737.261292,475.966888,109.691406,535.812012,322.452698,188.417297,412.149261,200.316254,246.752655,345.160248,219.681519,226.833069,451.796539,57.605095,488.12674,1016.427185,594.915161,429.020294,1044.418945,504.580414,464.038208,1023.177429,268.525665,363.21109,1021.771179,73.577438,302.11615,978.747253,27.357975,346.252838,1177.133545,43.981575
308,311.72345,743.433655,1014.274475,155.927292,929.476746,992.119385,398.444092,965.963562,1012.023987,82.633736,791.98877,564.281067,136.374374,765.41394,473.869995,109.465782,561.747009,325.857971,187.971558,433.59494,209.605103,245.959167,367.385712,233.574585,226.874847,463.851196,64.352325,487.952332,1026.645386,594.795471,428.919037,1053.741577,504.395782,463.796692,1027.711304,268.759949,362.793549,1022.161133,73.855728,302.050903,978.84552,27.452625,345.983521,1177.242065,44.096603
309,311.975342,758.267822,1016.54126,156.554962,944.25946,993.835083,399.120605,980.729614,1014.275024,83.442535,817.915894,562.063477,136.958786,793.950439,472.454865,109.209572,588.877502,328.894867,187.692368,456.513794,218.54071,245.23468,390.868652,245.943604,226.676697,479.592499,71.793884,487.545288,1036.192261,594.552856,428.658936,1062.209717,504.080353,463.352692,1031.231812,268.92215,362.379333,1022.372925,74.0317,301.927887,978.856384,27.485626,345.760803,1177.264771,44.182499
310,312.364075,772.874207,1019.003479,157.147598,958.695557,995.876587,399.775818,995.280884,1016.600464,84.439873,843.611511,560.863464,137.666351,822.674561,471.86795,108.977089,616.887329,331.840698,187.551559,480.785278,226.882034,244.575348,415.378357,256.443939,226.334152,499.165497,79.434166,486.986755,1045.22583,594.293213,428.262787,1069.893311,503.670959,462.818604,1034.046387,269.056183,362.003723,1022.498962,74.142654,301.78009,978.816528,27.516918,345.565369,1177.278687,44.190716
311,312.886719,787.265137,1021.640564,157.709946,972.809387,998.235901,400.406067,1009.634644,1018.981995,85.610039,868.903748,560.794922,138.480026,851.413452,472.200989,108.833832,645.477173,334.969421,187.516388,506.301422,234.376038,243.975906,440.743256,264.847473,225.954758,522.463379,86.756996,486.351471,1053.852051,594.093262,427.762512,1076.865479,503.208191,462.2854,1036.432495,269.197205,361.688934,1022.606934,74.227722,301.629944,978.75824,27.589586,345.38678,1177.324829,44.119053
312,313.533417,801.457092,1024.428955,158.25,986.635803,1000.896545,401.010315,1023.809753,1021.401917,86.921448,893.712952,561.860046,139.376816,880.021667,473.483337,108.839859,674.395508,338.460876,187.56105,532.961975,240.781952,243.448547,466.864838,271.042694,225.615555,549.151001,93.294945,485.698212,1062.131958,593.996643,427.195831,1083.195068,502.73114,461.812683,1038.589233,269.368713,361.44455,1022.736816,74.320084,301.489319,978.705383,27.72732,345.221558,1177.415894,43.991135
313,314.288452,815.469421,1027.341187,158.777847,1000.216797,1003.833069,401.59024,1037.825317,1023.841309,88.327759,918.039429,563.965881,140.328842,908.38092,475.683563,109.034805,703.459534,342.33432,187.674118,560.66925,245.894943,243.034058,493.710358,275.016113,225.334045,578.737549,98.683022,485.068359,1070.096436,594.020264,426.602509,1088.942383,502.274139,461.429321,1040.619995,269.583282,361.270233,1022.903442,74.443398,301.36203,978.671265,27.936708,345.070648,1177.544312,43.839458
314,315.131561,829.323059,1030.346436,159.304413,1013.59906,1007.010193,402.149658,1051.699707,1026.279297,89.769547,941.942078,566.954468,141.305145,936.397644,478.717987,109.428986,732.557495,346.430603,187.860336,589.324646,249.56369,242.799667,521.290222,276.822021,225.062317,610.678894,102.690468,484.488098,1077.756104,594.163574,426.021332,1094.158081,501.864868,461.14035,1042.545654,269.84491,361.159088,1023.102417,74.611397,301.247101,978.659668,28.212553,344.937042,1177.693359,43.693546
315,316.039063,843.039551,1033.410522,159.840073,1026.830566,1010.383179,402.694061,1065.449951,1028.692017,91.176414,965.512024,570.636536,142.273911,963.998413,482.464417,110.004662,761.635559,350.447906,188.137375,618.828857,251.699432,242.824982,549.630859,276.550171,224.702621,644.47522,105.229195,483.972107,1085.103394,594.414673,425.487885,1098.883179,501.523926,460.93631,1044.336182,270.151215,361.100128,1023.317688,74.829353,301.141571,978.667053,28.544189,344.823944,1177.844238,43.573589
316,316.985443,856.639832,1036.49585,160.393555,1039.95813,1013.898743,403.229889,1079.090454,1031.052734,92.471909,988.843933,574.820923,143.204697,991.125427,486.77713,110.725838,790.675049,354.019073,188.529816,649.085876,252.274689,243.182693,578.756042,274.30127,224.1362,679.73645,106.339668,483.52774,1092.11499,594.754639,425.032776,1103.151367,501.264801,460.801849,1045.942017,270.496704,361.080048,1023.529663,75.09655,301.041382,978.685608,28.921286,344.733704,1177.9823,43.488846
317,317.944427,870.143616,1039.562866,160.971222,1053.025146,1017.496277,403.763855,1092.633423,1033.331787,93.582687,1012.010681,579.335693,144.070633,1017.7323,491.50119,111.551178,819.668335,356.804413,189.061081,680.011475,251.312332,243.921371,608.681335,270.17395,223.255508,716.203369,106.158142,483.159637,1098.759521,595.161194,424.680908,1106.992188,501.094421,460.721893,1047.317261,270.876282,361.082855,1023.721802,75.409195,300.940552,978.706848,29.337896,344.667419,1178.099487,43.439342
318,318.890045,883.56842,1042.569824,161.576614,1066.070557,1021.110352,404.302612,1106.087891,1035.497559,94.449165,1035.045044,584.038635,144.849991,1043.779907,496.484375,112.444862,848.602234,358.566437,189.745377,711.54364,248.869415,245.054367,639.419861,264.262573,221.991257,753.730774,104.873955,482.874176,1105.008423,595.612,424.450653,1110.434326,501.014099,460.684204,1048.429565,271.287567,361.090332,1023.884949,75.763107,300.830444,978.724304,29.793949,344.624969,1178.194824,43.41922
319,319.797333,896.929443,1045.474976,162.210556,1079.127441,1024.672974,404.852325,1119.459839,1037.517578,95.033058,1057.932983,588.819031,145.527435,1069.23291,501.58493,113.381775,877.45282,359.204193,190.582184,743.651428,245.022491,246.555908,670.99176,256.660736,220.329224,792.250305,102.689095,482.681671,1110.849365,596.088196,424.353729,1113.508789,501.020386,460.679413,1049.263672,271.73056,361.083466,1024.0177,76.155159,300.699158,978.736145,30.294046,344.605621,1178.273071,43.420109
320,320.643005,910.239319,1048.236694,162.871475,1092.223999,1028.116455,405.418457,1132.752319,1039.359619,95.319939,1080.619019,593.593994,146.094406,1094.058105,506.675995,114.345703,906.190857,358.740234,191.554199,776.337585,239.857391,248.363388,703.431335,247.467438,218.313995,831.7323,99.789108,482.597137,1116.296753,596.576233,424.394897,1116.251221,501.106232,460.700928,1049.821899,272.206207,361.044678,1024.124634,76.582932,300.53186,978.746887,30.844761,344.608551,1178.341675,43.433731
321,321.405609,923.508118,1050.814697,163.555878,1105.382935,1031.375854,406.00589,1145.966064,1040.99292,95.316811,1103.023071,598.300842,146.549072,1118.222534,511.646118,115.323456,934.791443,357.274689,192.628464,809.634888,233.463806,250.384842,736.78949,236.792938,216.040421,872.15863,96.328819,482.638214,1121.395142,597.067688,424.571869,1118.703247,501.26181,460.744934,1050.126221,272.714569,360.958832,1024.213745,77.043945,300.311554,978.768127,31.45216,344.633423,1178.409058,43.453426
322,322.06604,936.743774,1053.171265,164.259048,1118.622314,1034.391235,406.618622,1159.099731,1042.389526,95.047356,1125.05957,602.888916,146.89592,1141.694824,516.397461,116.298615,963.246887,354.931244,193.759964,843.598267,225.93399,252.50972,771.132874,224.763931,213.635529,913.509766,92.431999,482.821747,1126.216553,597.556396,424.875336,1120.91272,501.474915,460.809753,1050.217163,273.25412,360.814301,1024.293701,77.535851,300.020813,978.818054,32.120724,344.680878,1178.482544,43.474651
323,322.607452,949.952332,1055.271851,164.97554,1131.956909,1037.109619,407.259979,1172.150635,1043.52478,94.548393,1146.654419,607.311279,147.145035,1164.444946,520.842957,117.247116,991.578979,351.814178,194.896042,878.296692,217.365051,254.620834,806.539429,211.527679,211.23526,955.760986,88.201736,483.159607,1130.850586,598.03418,425.289246,1122.93335,501.731445,460.892548,1050.148682,273.822815,360.603119,1024.372192,78.057449,299.642578,978.918884,32.853149,344.752899,1178.567993,43.494797
324,323.015656,963.13855,1057.08606,165.699768,1145.397705,1039.485718,407.932373,1185.115723,1044.378662,93.868568,1167.752075,611.519226,147.310852,1186.445557,524.902954,118.1362,1019.846741,347.986176,195.980957,913.805725,207.863861,256.605957,843.093567,197.254349,208.961929,998.884521,83.736107,483.653931,1135.38916,598.486023,425.791718,1124.824097,502.015656,460.985352,1049.976685,274.420502,360.320831,1024.453979,78.609306,299.161224,979.092224,33.649662,344.852631,1178.669067,43.512672
325,323.278961,976.306335,1058.587646,166.426331,1158.953491,1041.483032,408.637421,1197.992065,1044.935425,93.068176,1188.313843,615.459656,147.410309,1207.672729,528.503784,118.927124,1048.144775,343.468079,196.959869,950.201599,197.555283,258.367004,880.879883,182.137375,206.906723,1042.851318,79.144814,484.293457,1139.913208,598.887512,426.356293,1126.647583,502.310455,461.071838,1049.74939,275.050598,359.965851,1024.540771,79.193039,298.564026,979.352417,34.506626,344.983521,1178.787842,43.527718
326,323.38858,989.459351,1059.755615,167.15036,1172.630371,1043.073853,409.375732,1210.778076,1045.183716,92.218407,1208.309204,619.075745,147.460754,1228.105835,531.577271,119.580177,1076.592041,338.255524,197.781433,987.556763,186.5914,259.825195,919.97467,166.393005,205.12027,1087.629761,74.563019,485.052704,1144.483032,599.205566,426.953735,1128.468628,502.598022,461.12796,1049.504272,275.720306,359.538696,1024.63147,79.809822,297.844696,979.700989,35.416401,345.147766,1178.924438,43.539223
327,323.338348,1002.601685,1060.574585,167.867554,1186.432617,1044.239746,410.14682,1223.474121,1045.11731,91.397942,1227.708618,622.311096,147.477921,1247.730347,534.062256,120.059326,1105.318481,332.343872,198.398758,1025.937378,175.159164,260.922943,960.43573,150.260773,203.612747,1133.180298,70.158722,485.893951,1149.135986,599.403687,427.554169,1130.352905,502.860748,461.126495,1049.271606,276.438416,359.04184,1024.72229,80.459496,297.006622,980.124512,36.369064,345.344513,1179.077026,43.545815
328,323.124969,1015.738403,1061.034546,168.574234,1200.362427,1044.970703,410.949097,1236.082886,1044.733643,90.686043,1246.476318,625.112488,147.474121,1266.539429,535.907166,120.334755,1134.448975,325.755432,198.768921,1065.399658,163.484955,261.622955,1002.290283,134.005234,202.363617,1179.449951,66.131912,486.772125,1153.889771,599.448914,428.129059,1132.365112,503.082184,461.044098,1049.081787,277.211212,358.479706,1024.807983,81.140778,296.063416,980.598572,37.35384,345.568939,1179.24231,43.545238
329,322.748016,1028.875977,1061.13147,169.267212,1214.420166,1045.265137,411.779602,1248.610474,1044.034912,90.153748,1264.568604,627.429382,147.456711,1284.537109,537.073486,120.384583,1164.089478,318.56366,198.855103,1105.978149,151.834885,261.903992,1045.522095,117.917442,201.338684,1226.365356,62.707771,487.641693,1158.748779,599.319275,428.653442,1134.567505,503.248047,460.86676,1048.971436,278.038513,357.858704,1024.882446,81.851418,295.035034,981.09552,38.360336,345.812653,1179.415527,43.534702
330,322.209991,1042.022461,1060.867554,169.943604,1228.603638,1045.129028,412.633942,1261.066284,1043.0271,89.85453,1281.931885,629.209595,147.42778,1301.740723,537.539001,120.196144,1194.309326,310.910126,198.631683,1147.667236,140.509018,261.754822,1090.05835,102.314056,200.510773,1273.826782,60.125862,488.463196,1163.711792,599.008179,429.107666,1137.017578,503.346893,460.591003,1048.985229,278.912415,357.186615,1024.939941,82.588455,293.942993,981.591797,39.380322,346.065979,1179.589111,43.511784
331,321.516327,1055.1875,1060.25061,170.600571,1242.908813,1044.576172,413.506226,1273.463745,1041.720337,89.816284,1298.501953,630.391663,147.385269,1318.184204,537.302063,119.766914,1225.125366,303.010254,198.089294,1190.400024,129.828964,261.169373,1135.760132,87.531311,199.878998,1321.697266,58.625652,489.206787,1168.779419,598.52533,429.478485,1139.766113,503.370483,460.221161,1049.170532,279.819092,356.47168,1024.976074,83.349396,292.806549,982.071472,40.410137,346.320587,1179.753662,43.47525
332,320.675476,1068.382324,1059.294434,171.234985,1257.32959,1043.627563,414.388855,1285.820068,1040.128662,90.036629,1314.203857,630.898315,147.325027,1333.920654,536.38446,119.104736,1256.490112,295.14444,197.239944,1234.030029,120.118637,260.148285,1182.415405,73.91124,199.479492,1369.788452,58.428371,489.853851,1173.960693,597.894226,429.759491,1142.856567,503.314117,459.764496,1049.568604,280.743866,355.722076,1024.992554,84.133522,291.640991,982.527771,41.45261,346.570282,1179.899536,43.425125
333,319.6987,1081.619385,1058.018677,171.843063,1271.858032,1042.310791,415.272491,1298.156738,1038.270386,90.481644,1328.960083,630.636841,147.243484,1349.024292,534.833313,118.228279,1288.294312,287.633972,196.121674,1278.316528,111.67997,258.709656,1229.730225,61.779713,199.381195,1417.847534,59.715115,490.395691,1179.278442,597.146851,429.950439,1146.325195,503.176544,459.228271,1050.207886,281.678162,354.946075,1025.000732,84.943626,290.458405,982.963013,42.517715,346.810333,1180.020508,43.362244
334,318.599884,1094.912354,1056.447998,172.419983,1286.484497,1040.6604,416.145935,1310.499268,1036.167358,91.087067,1342.707153,629.512329,147.139603,1363.592651,532.720581,117.170448,1320.380127,280.806122,194.801285,1322.919312,104.765114,256.904724,1277.322754,51.416729,199.667435,1465.546021,62.601421,490.830017,1184.770996,596.316711,430.055878,1150.202393,502.959869,458.619476,1051.103394,282.623444,354.152679,1025.02417,85.787819,289.269806,983.387024,43.622478,347.037659,1180.115356,43.287395
335,317.395508,1108.275635,1054.612183,172.959564,1301.19873,1038.717041,416.996185,1322.876831,1033.845459,91.762154,1355.421997,627.451599,147.0159,1377.746826,530.141113,115.984741,1352.546875,274.952362,193.375198,1367.399292,99.546089,254.833191,1324.722778,43.02306,200.410446,1512.477173,67.108986,491.157684,1190.48999,595.432983,430.083252,1154.513672,502.668732,457.946014,1052.263062,283.591278,353.353027,1025.096924,86.68058,288.088531,983.813904,44.790459,347.251007,1180.189087,43.201092
336,316.104156,1121.724365,1052.545044,173.454056,1315.990479,1036.527222,417.80835,1335.322021,1031.334351,92.398094,1367.154541,624.433594,146.878693,1391.62854,527.208313,114.748825,1384.542847,270.286438,191.967468,1411.228638,96.085419,252.649658,1371.379761,36.68911,201.648956,1558.161743,73.137268,491.381439,1196.496338,594.516113,430.041229,1159.282349,502.309357,457.218445,1053.700806,284.599731,352.561249,1025.257935,87.642662,286.932465,984.257202,46.051697,347.449982,1180.251709,43.104164
337,314.746216,1135.274292,1050.283691,173.894073,1330.850464,1034.142944,418.56604,1347.869751,1028.666626,92.882996,1378.058838,620.518921,146.738159,1405.395874,524.048279,113.56144,1416.056519,266.907349,190.722153,1453.813232,94.314156,250.555405,1416.678711,32.370663,203.377609,1602.067261,80.441147,491.506073,1202.852539,593.577271,429.938477,1164.530762,501.888641,456.452301,1055.448486,285.667938,351.794525,1025.543213,88.699692,285.824158,984.72583,47.441784,347.632935,1180.316406,42.998634
338,313.343628,1148.940552,1047.868042,174.268692,1345.770508,1031.620117,419.251526,1360.556396,1025.878174,93.123146,1388.414551,615.870483,146.608841,1419.213257,520.792603,112.533516,1446.721069,264.773163,189.788742,1494.527466,94.023117,248.775864,1459.964966,29.876823,205.551453,1643.637817,88.623756,491.539612,1209.616089,592.619446,429.78302,1170.281982,501.4133,455.669403,1057.562866,286.811035,351.072113,1025.980469,89.880424,284.789673,985.223633,49.000774,347.795593,1180.396484,42.888382
339,311.919312,1162.738159,1045.340332,174.565918,1360.744629,1029.017578,419.846375,1373.418213,1023.006592,93.067169,1398.627197,610.757813,146.51088,1433.239868,517.570007,111.776253,1476.132446,263.69281,189.301926,1532.757324,94.872047,247.525879,1500.578857,28.877535,208.100372,1682.333984,97.151779,491.494843,1216.833374,591.641235,429.582977,1176.561523,500.889679,454.89856,1060.120361,288.036896,350.414551,1026.587646,91.215088,283.856842,985.749268,50.772697,347.931915,1180.504517,42.779224
340,310.496674,1176.68042,1042.743896,174.7733,1375.768188,1026.39563,420.332062,1386.489136,1020.090881,92.726616,1409.194946,605.538696,146.470444,1447.61731,514.498413,111.388985,1503.880737,263.345459,189.359909,1567.946167,96.420494,246.969589,1537.897217,28.93438,210.944061,1717.676025,105.396523,491.388489,1224.538818,590.640564,429.3479,1183.397705,500.323425,454.175018,1063.205566,289.3461,349.843781,1027.374756,92.734962,283.052979,986.296814,52.804771,348.03653,1180.651245,42.678326
341,309.098846,1190.778687,1040.122681,174.878937,1390.838501,1023.814148,420.691132,1399.799683,1017.170654,92.185699,1420.641479,600.613525,146.518021,1462.458374,511.678589,111.447372,1529.586426,263.330627,190.006516,1599.63916,98.180374,247.186462,1571.379395,29.554085,214.000122,1749.285522,112.696411,491.23822,1232.758911,589.617859,429.090302,1190.822388,499.719116,453.537842,1066.89624,290.734833,349.383972,1028.345581,94.472832,282.404968,986.857605,55.145519,348.108124,1180.845337,42.593269
342,307.748047,1205.041016,1037.520752,174.872574,1405.953979,1021.330811,420.908081,1413.374634,1014.285645,91.593025,1433.420288,596.359497,146.683517,1477.841064,509.191925,111.991943,1552.945068,263.24231,191.221603,1627.520508,99.68322,248.154785,1600.609741,30.259111,217.183289,1776.920654,118.428886,491.05899,1241.519287,588.576843,428.827026,1198.872803,499.079529,453.026581,1071.250366,292.199615,349.062653,1029.500977,96.463593,281.941406,987.424622,57.843246,348.152924,1181.092773,42.530758
343,306.464539,1219.471558,1034.980713,174.746826,1421.11377,1018.999756,420.970825,1427.231567,1011.474854,91.130592,1447.815552,593.059814,146.988678,1493.808228,507.100616,113.019623,1573.774658,262.749054,192.922333,1651.441895,100.548859,249.757751,1625.334473,30.663275,220.399857,1800.499512,122.078384,490.859894,1250.852539,587.523438,428.579895,1207.592896,498.404816,452.67691,1076.297974,293.743011,348.9104,1030.842285,98.745232,281.69339,987.999084,60.94746,348.186707,1181.397949,42.494629
344,305.265656,1234.069824,1032.543823,174.49823,1436.316406,1016.869995,420.871582,1441.378906,1008.776489,90.962532,1463.879517,590.853882,147.438721,1510.369141,505.450928,114.479744,1592.062012,261.66394,194.974396,1671.438354,100.541077,251.807663,1645.488281,30.534592,223.544022,1820.110107,123.294373,490.642883,1260.802979,586.464355,428.375244,1217.036011,497.691589,452.516266,1082.045166,295.37973,348.959167,1032.37793,101.360344,281.691895,988.599915,64.512642,348.233734,1181.763672,42.482594
345,304.165009,1248.82959,1030.248047,174.128052,1451.559326,1014.98407,420.608124,1455.814575,1006.227295,91.180237,1481.446411,589.730469,148.015869,1527.503174,504.275421,116.273438,1607.989868,259.98465,197.209091,1687.727539,99.598251,254.078445,1661.209229,29.828758,226.501251,1836.007813,121.935417,490.405975,1271.429199,585.407593,428.242676,1227.267334,496.932434,452.560272,1088.484375,297.141541,349.23822,1034.130737,104.357826,281.963501,989.276184,68.603485,348.320343,1182.190796,42.48238
346,303.171722,1263.739136,1028.12854,173.642792,1466.837402,1013.37738,420.184418,1470.525391,1003.862366,91.771881,1500.202393,589.5625,148.677673,1545.162476,503.593811,118.255745,1621.931885,257.89267,199.443665,1700.692505,97.831612,256.338074,1672.841064,28.681988,229.159927,1848.598633,118.09565,490.149139,1282.802979,584.362366,428.212921,1238.366455,496.115448,452.810669,1095.610352,299.079254,349.770172,1036.149658,107.794029,282.526428,990.119873,73.300095,348.466156,1182.678467,42.46944
347,302.290039,1278.78064,1026.21582,173.053986,1482.142578,1012.077332,419.610931,1485.487061,1001.714539,92.629112,1519.774414,590.163147,149.360825,1563.271484,503.411163,120.244339,1634.408325,255.709778,201.501968,1710.842896,95.490326,258.375427,1680.913086,27.362219,231.427536,1858.401367,112.107277,489.880066,1295.005981,583.336975,428.315216,1250.427368,495.22403,453.255096,1103.437622,301.261322,350.566833,1038.52002,111.732742,283.387268,991.275574,78.701813,348.674652,1183.224487,42.408257
348,301.51944,1293.930786,1024.536133,172.377579,1497.463013,1011.103027,418.904297,1500.664185,999.813843,93.579056,1539.805908,591.344116,149.989273,1581.724609,503.714478,122.036804,1646.01062,253.820221,203.233902,1718.754761,92.900215,260.02066,1686.095947,26.187805,233.248184,1865.990967,104.510803,489.616852,1308.128662,582.333984,428.574432,1263.557373,494.236786,453.868744,1112.01709,303.76709,351.626404,1041.372803,116.242462,284.538269,992.942566,84.927101,348.925903,1183.824463,42.258484
349,300.854645,1309.161377,1023.110474,171.632797,1512.783081,1010.464905,418.086639,1516.012451,998.186829,94.424965,1560.00293,592.954102,150.484985,1600.385376,504.46759,123.433731,1657.313232,252.570877,204.533997,1724.999512,90.389839,261.160736,1689.12915,25.433285,234.618286,1871.925781,95.990417,489.387573,1322.271362,581.345032,429.007843,1277.871216,493.127655,454.618439,1121.447876,306.674713,352.932587,1044.887695,121.389626,285.954987,995.368042,92.106995,349.174133,1184.471436,41.986717
350,300.286377,1324.440186,1021.95459,170.840714,1528.084106,1010.164612,417.184357,1531.480225,996.855896,94.985519,1580.138184,594.883179,150.77948,1619.085083,505.605927,124.26886,1668.790039,252.170624,205.357895,1730.07251,88.220917,261.750366,1690.728638,25.25248,235.595352,1876.676636,87.278084,489.228058,1337.543091,580.345276,429.622131,1293.481934,491.86734,455.468292,1131.879395,310.04364,354.454285,1049.288818,127.227859,287.595581,998.834045,100.371269,349.352783,1185.153687,41.583157
351,299.801941,1339.732788,1021.078979,170.022766,1543.345093,1010.195129,416.226471,1547.010864,995.838501,95.127701,1600.024048,597.035522,150.824631,1637.624756,507.033051,124.453583,1680.729858,252.616699,205.731445,1734.34436,86.543861,261.817963,1691.498047,25.6502,236.290344,1880.582764,79.036057,489.177948,1354.052979,579.289978,430.410736,1310.487793,490.4263,456.386841,1143.500977,313.893616,356.1474,1054.828857,133.786102,289.403015,1003.638184,109.828484,349.384644,1185.858276,41.079617
352,299.3862,1355.003174,1020.488953,169.199432,1558.543701,1010.541016,415.243042,1562.546753,995.146606,94.790489,1619.4646,599.291931,150.60051,1655.776855,508.622742,124.023262,1693.153687,253.685852,205.744751,1738.049072,85.392563,261.45932,1691.879272,26.509554,236.833847,1883.859741,71.75473,489.273895,1371.893921,578.115112,431.352539,1328.958374,488.780457,457.352997,1156.52002,318.18512,357.959747,1061.765137,141.058212,291.311371,1010.068054,120.543182,349.199005,1186.582642,40.565819
353,299.022552,1370.21582,1020.185669,168.389267,1573.657471,1011.179443,414.263184,1578.030762,994.786438,93.99749,1638.207153,601.488953,150.118423,1673.294189,510.230865,123.141884,1705.78064,255.01236,205.528107,1741.309937,84.710304,260.81604,1692.151367,27.647877,237.32756,1886.639648,65.719231,489.539612,1391.12085,576.745117,432.411407,1348.92041,486.918762,458.360046,1171.133423,322.807404,359.838287,1070.329224,148.997833,293.254852,1018.371277,132.514648,348.754639,1187.362061,40.200634
354,298.694061,1385.336426,1020.166443,167.607986,1588.664795,1012.082031,413.313507,1593.410278,994.758179,92.854836,1655.917114,603.427979,149.417709,1689.928101,511.715973,122.048592,1718.104004,256.215546,205.217773,1744.174683,84.388268,260.04422,1692.456177,28.87134,237.811264,1889.002808,61.029091,489.974823,1411.72522,575.111328,433.538055,1370.347046,484.851807,459.416565,1187.500366,327.580444,361.735596,1080.697388,157.522476,295.17569,1028.728271,145.66008,348.064056,1188.306152,40.211395
355,298.384735,1400.333496,1020.426331,166.867966,1603.54541,1013.217102,412.416412,1608.63855,995.057007,91.52623,1672.2229,604.9198,148.55777,1705.455322,512.962158,120.9804,1729.536377,257.017792,204.926773,1746.644409,84.30265,259.283386,1692.833374,30.014622,238.265182,1890.990479,57.634041,490.547302,1433.614624,573.178528,434.673889,1393.153076,482.619293,460.543579,1205.720337,332.276093,363.610809,1092.969116,166.526505,297.026215,1041.233887,159.803497,347.211853,1189.633301,40.873734
356,298.080688,1415.179321,1020.958679,166.177704,1618.28064,1014.552429,411.588959,1623.67688,995.674255,90.189308,1686.833984,605.849976,147.608734,1719.706543,513.896484,120.110107,1739.548218,257.308716,204.728348,1748.699463,84.342514,258.634857,1693.258789,30.964233,238.643127,1892.616455,55.373142,491.192993,1456.602905,570.973694,435.757172,1417.199463,480.294678,461.766785,1225.818359,336.656921,365.424805,1107.162231,175.895828,298.765198,1055.891724,174.670914,346.356628,1191.694824,42.469711
357,297.770935,1429.850952,1021.756042,165.541611,1632.854126,1016.057861,410.84198,1638.49585,996.598877,88.990814,1699.660767,606.225281,146.642883,1732.585205,514.494873,119.515358,1747.760742,257.144196,204.652985,1750.324829,84.425316,258.153168,1693.681152,31.666233,238.908447,1893.88855,54.01693,491.825928,1480.419067,568.602905,436.730621,1442.306396,477.984985,463.105957,1247.738647,340.523407,367.132813,1123.22522,185.515442,300.351715,1072.62207,189.893204,345.710358,1194.975952,45.228786
358,297.447906,1444.330688,1022.810547,164.960083,1647.251709,1017.70697,410.179596,1653.075684,997.819458,88.016609,1710.851929,606.170837,145.727676,1744.070801,514.777588,119.181671,1754.004517,256.691742,204.695679,1751.529663,84.500648,257.849701,1694.049438,32.119827,239.050186,1894.828125,53.312267,492.356506,1504.739014,566.247192,437.549011,1468.270996,475.8255,464.564545,1271.349854,343.754486,368.682892,1141.058838,195.264542,301.74057,1091.272705,205.021912,345.497681,1200.066162,49.265236
359,297.107483,1458.606934,1024.113525,164.429871,1661.461792,1019.478271,409.599548,1667.406494,999.325134,87.28772,1720.733032,605.883423,144.920456,1754.209717,514.796326,119.033577,1758.346191,256.147552,204.828201,1752.351318,84.545883,257.703979,1694.329712,32.362186,239.081757,1895.47644,53.022308,492.712067,1529.23645,564.136108,438.184021,1494.884399,473.968994,466.120941,1296.460327,346.331299,370.024231,1160.538208,205.002884,302.889191,1111.630371,219.562485,345.908661,1207.596558,54.537308
360,296.748505,1472.674194,1025.655762,163.944626,1675.476074,1021.354919,409.093628,1681.488281,1001.106506,86.781807,1729.687012,605.56781,144.264572,1763.096069,514.619263,118.97831,1761.073486,255.664978,205.012421,1752.851196,84.558357,257.67746,1694.509766,32.450794,239.033264,1895.891235,52.953854,492.851166,1553.636719,562.506714,438.625214,1521.946167,472.570923,467.72171,1322.830811,348.342224,371.122345,1181.524048,214.559753,303.775421,1133.431885,233.021255,347.056,1218.162476,60.844341
361,296.372437,1486.532471,1027.425781,163.495834,1689.290039,1023.323425,408.648895,1695.328491,1003.154846,86.463486,1738.041504,605.383911,143.787277,1770.851563,514.316833,118.942215,1762.631592,255.322205,205.211823,1753.105103,84.546906,257.725983,1694.596558,32.447769,238.941833,1896.138794,52.969501,492.766876,1577.754028,561.561707,438.87738,1549.272949,471.772858,469.280762,1350.185547,349.973846,371.973724,1203.869751,223.731476,304.416504,1156.388672,244.956451,348.945801,1232.239502,67.85408
362,295.982819,1500.18689,1029.40979,163.073639,1702.902832,1025.372192,408.249176,1708.94165,1005.461426,86.304955,1746.009033,605.420227,143.499023,1777.607544,513.951538,118.887688,1763.52478,255.127731,205.398514,1753.193359,84.52462,257.809357,1694.609741,32.408421,238.842438,1896.284302,52.986694,492.480499,1601.503296,561.438477,438.956299,1576.705078,471.687317,470.687378,1378.221313,351.489746,372.613037,1227.428223,232.287979,304.878082,1180.223633,255.024307,351.470764,1250.103149,75.147377
363,295.584534,1513.647095,1031.589966,162.667877,1716.317749,1027.489258,407.876862,1722.346313,1008.015137,86.290253,1753.689209,605.695801,143.394272,1783.493408,513.573425,118.811165,1764.208984,255.047165,205.55545,1753.190552,84.504013,257.896759,1694.574829,32.374725,238.761887,1896.384033,52.968067,492.029877,1624.884521,562.19574,438.884308,1604.107544,472.385773,471.823914,1406.624023,353.193604,373.110626,1252.064209,239.987473,305.268982,1204.713745,263.009003,354.431213,1271.774292,82.271935
364,295.18338,1526.925903,1033.944214,162.268845,1729.541626,1029.660034,407.514465,1735.563965,1010.801208,86.408424,1761.109009,606.181519,143.453979,1788.630371,513.219238,118.730431,1765.00415,255.033661,205.675705,1753.156128,84.494637,257.968964,1694.516479,32.373257,238.715698,1896.478027,52.907673,491.457672,1647.951904,563.817078,438.686279,1631.37085,473.892975,472.591949,1435.097778,355.372498,373.56015,1277.665283,246.595596,305.721161,1229.720093,268.82782,357.578583,1297.015869,88.798874
365,294.785858,1540.038208,1036.445435,161.868073,1742.584595,1031.866821,407.146271,1748.616943,1013.798828,86.645294,1768.266235,606.825684,143.648956,1793.129395,512.914063,118.668694,1766.050659,255.051285,205.760284,1753.12915,84.502617,258.018158,1694.4552,32.416424,238.707504,1896.5896,52.816887,490.803009,1670.778931,566.22583,438.386597,1658.407593,476.187897,472.937286,1463.399414,358.228088,374.059387,1304.14563,251.905792,306.360565,1255.192505,272.510925,360.665924,1325.388794,94.374374
366,294.398865,1553.000366,1039.061157,161.458801,1755.459106,1034.086914,406.759186,1761.527344,1016.980347,86.979645,1775.155396,607.57428,143.943878,1797.090332,512.674072,118.641212,1767.321289,255.086182,205.815643,1753.127686,84.531158,258.046021,1694.405151,32.505726,238.730545,1896.724976,52.712658,490.098297,1693.431641,569.306213,438.006836,1685.150391,479.209808,472.864014,1491.371216,361.814331,374.688934,1331.44165,255.758087,307.27774,1281.15271,274.163727,363.491913,1356.349487,98.757019
367,294.029846,1565.829346,1041.754639,161.03624,1768.178833,1036.293457,406.343689,1774.31604,1020.310242,87.385361,1781.770752,608.380859,144.301468,1800.601929,512.508545,118.649269,1768.680542,255.145004,205.851212,1753.153076,84.581406,258.060944,1694.374756,32.635685,238.771011,1896.877808,52.609814,489.370087,1715.954102,572.9245,437.56424,1711.546875,482.867737,472.434113,1518.960083,366.001984,375.49469,1359.505249,258.053406,308.507202,1307.667236,273.924805,365.930237,1389.355347,101.833038
368,293.686737,1578.541504,1044.484741,160.59761,1780.757568,1038.455811,405.893799,1787.002441,1023.745728,87.836533,1788.099731,609.207764,144.686142,1803.741821,512.421631,118.683228,1769.965454,255.244644,205.877457,1753.195801,84.653198,258.075073,1694.368652,32.797428,238.812454,1897.034302,52.517639,488.641357,1738.364868,576.945679,437.071198,1737.557251,487.050629,471.755035,1546.211548,370.486694,376.480011,1388.297729,258.759338,310.021423,1334.822144,271.931244,367.938721,1423.946533,103.607925
369,293.378174,1591.152222,1047.20752,160.141953,1793.208374,1040.540649,405.406952,1799.604248,1027.237183,88.31179,1794.120972,610.024048,145.066574,1806.574951,512.411743,118.730362,1771.052368,255.400513,205.904343,1753.24231,84.745857,258.101257,1694.38855,32.981441,238.84024,1897.180786,52.440071,487.93338,1760.65979,581.244751,436.535583,1763.150879,491.637024,470.961121,1573.243896,374.843353,377.608063,1417.788208,257.904419,311.739105,1362.706543,268.299255,369.54895,1459.783691,104.179253
