1920,0,0,0,0,0,0
1921,0,0,0,0,0,0
1922,0,0,0,0,0,0
1923,0,0,0,0,0,0
1924,0,0,0,0,0,0
1925,0,0,0,0,0,0
1926,0,0,0,0,0,0
1927,0,0,0,0,0,0
1928,0,0,0,0,0,0
1929,0,0,0,0,0,0
1930,0,0,0,0,0,0
1931,0,0,0,0,0,0
1932,0,0,0,0,0,0
1933,0,0,0,0,0,0
1934,0,0,0,0,0,0
1935,0,0,0,0,0,0
1936,0,0,0,0,0,0
1937,0,0,0,0,0,0
1938,0,0,0,0,0,0
1939,0,0,0,0,0,0
1940,0,0,0,0,0,0
1941,0,0,0,0,0,0
1942,0,0,0,0,0,0
1943,0,0,0,0,0,0
1944,0,0,0,0,0,0
1945,0,0,0,0,0,0
1946,0,0,0,0,0,0
1947,0,0,0,0,0,0
1948,0,0,0,0,0,0
1949,0,0,0,0,0,0
1950,0,0,0,0,0,0
1951,0,0,0,0,0,0
1952,0,0,0,0,0,0
1953,0,0,0,0,0,0
1954,0,0,0,0,0,0
1955,0,0,0,0,0,0
1956,0,0,0,0,0,0
1957,0,0,0,0,0,0
1958,0,0,0,0,0,0
1959,0,0,0,0,0,0
1960,0,0,0,0,0,0
1961,0,0,0,0,0,0
1962,0,0,0,0,0,0
1963,0,0,0,0,0,0
1964,0,0,0,0,0,0
1965,0,0,0,0,0,0
1966,0,0,0,0,0,0
1967,0,0,0,0,0,0
1968,0,0,0,0,0,0
1969,0,0,0,0,0,0
1970,0,0,0,0,0,0
1971,0,0,0,0,0,0
1972,0,0,0,0,0,0
1973,0,0,0,0,0,0
1974,0,0,0,0,0,0
1975,0,0,0,0,0,0
1976,0,0,0,0,0,0
1977,0,0,0,0,0,0
1978,0,0,0,0,0,0
1979,0,0,0,0,0,0
1980,0,0,0,0,0,0
1981,0,0,0,0,0,0
1982,0,0,0,0,0,0
1983,0,0,0,0,0,0
1984,0,0,0,0,0,0
1985,0,0,0,0,0,0
1986,0,0,0,0,0,0
1987,0,0,0,0,0,0
1988,0,0,0,0,0,0
1989,0,0,0,0,0,0
1990,0,0,0,0,0,0
1991,0,0,0,0,0,0
1992,0,0,0,0,0,0
1993,0,0,0,0,0,0
1994,0,0,0,0,0,0
1995,0,0,0,0,0,0
1996,0,0,0,0,0,0
1997,0,0,0,0,0,0
1998,0,0,0,0,0,0
1999,0,0,0,0,0,0
2000,0,0,0,0,0,0
2001,0,0,0,0,0,0
2002,0,0,0,0,0,0
2003,0,0,0,0,0,0
2004,0,0,0,0,0,0
2005,0,0,0,0,0,0
2006,0,0,0,0,0,0
2007,0,0,0,0,0,0
2008,0,0,0,0,0,0
2009,0,0,0,0,0,0
2010,0,0,0,0,0,0
2011,0,0,0,0,0,0
2012,0,0,0,0,0,0
2013,0,0,0,0,0,0
2014,0,0,0,0,0,0
2015,0,0,0,0,0,0
2016,0,0,0,0,0,0
2017,0,0,0,0,0,0
2018,0,0,0,0,0,0
2019,0,0,0,0,0,0
2020,0,0,0,0,0,0
2021,0,0,0,0,0,0
2022,0,0,0,0,0,0
2023,0,0,0,0,0,0
2024,0,0,0,0,0,0
2025,0,0,0,0,0,0
2026,0,0,0,0,0,0
2027,0,0,0,0,0,0
2028,0,0,0,0,0,0
2029,0,0,0,0,0,0
2030,0,0,0,0,0,0
2031,0,0,0,0,0,0
2032,0,0,0,0,0,0
2033,0,0,0,0,0,0
2034,0,0,0,0,0,0
2035,0,0,0,0,0,0
2036,0,0,0,0,0,0
2037,0,0,0,0,0,0
2038,0,0,0,0,0,0
2039,0,0,0,0,0,0
2040,0,0,0,0,0,0
2041,0,0,0,0,0,0
2042,0,0,0,0,0,0
2043,0,0,0,0,0,0
2044,0,0,0,0,0,0
2045,0,0,0,0,0,0
2046,0,0,0,0,0,0
2047,0,0,0,0,0,0
2048,0,0,0,0,0,0
2049,0,0,0,0,0,0
2050,0,0,0,0,0,0
2051,0,0,0,0,0,0
2052,0,0,0,0,0,0
2053,0,0,0,0,0,0
2054,0,0,0,0,0,0
2055,0,0,0,0,0,0
2056,0,0,0,0,0,0
2057,0,0,0,0,0,0
2058,0,0,0,0,0,0
2059,0,0,0,0,0,0
2060,0,0,0,0,0,0
2061,0,0,0,0,0,0
2062,0,0,0,0,0,0
2063,0,0,0,0,0,0
2064,0,0,0,0,0,0
2065,0,0,0,0,0,0
2066,0,0,0,0,0,0
2067,0,0,0,0,0,0
2068,0,0,0,0,0,0
2069,0,0,0,0,0,0
2070,0,0,0,0,0,0
2071,0,0,0,0,0,0
2072,0,0,0,0,0,0
2073,0,0,0,0,0,0
2074,0,0,0,0,0,0
2075,0,0,0,0,0,0
2076,0,0,0,0,0,0
2077,0,0,0,0,0,0
2078,0,0,0,0,0,0
2079,0,0,0,0,0,0
2080,0,0,0,0,0,0
2081,0,0,0,0,0,0
2082,0,0,0,0,0,0
2083,0,0,0,0,0,0
2084,0,0,0,0,0,0
2085,0,0,0,0,0,0
2086,0,0,0,0,0,0
2087,0,0,0,0,0,0
2088,0,0,0,0,0,0
2089,0,0,0,0,0,0
2090,0,0,0,0,0,0
2091,0,0,0,0,0,0
2092,0,0,0,0,0,0
2093,0,0,0,0,0,0
2094,0,0,0,0,0,0
2095,0,0,0,0,0,0
2096,0,0,0,0,0,0
2097,0,0,0,0,0,0
2098,0,0,0,0,0,0
2099,0,0,0,0,0,0
2100,0,0,0,0,0,0
2101,0,0,0,0,0,0
2102,0,0,0,0,0,0
2103,0,0,0,0,0,0
2104,0,0,0,0,0,0
2105,0,0,0,0,0,0
2106,0,0,0,0,0,0
2107,0,0,0,0,0,0
2108,0,0,0,0,0,0
2109,0,0,0,0,0,0
2110,0,0,0,0,0,0
2111,0,0,0,0,0,0
2112,0,0,0,0,0,0
2113,0,0,0,0,0,0
2114,0,0,0,0,0,0
2115,0,0,0,0,0,0
2116,0,0,0,0,0,0
2117,0,0,0,0,0,0
2118,0,0,0,0,0,0
2119,0,0,0,0,0,0
2120,0,0,0,0,0,0
2121,0,0,0,0,0,0
2122,0,0,0,0,0,0
2123,0,0,0,0,0,0
2124,0,0,0,0,0,0
2125,0,0,0,0,0,0
2126,0,0,0,0,0,0
2127,0,0,0,0,0,0
2128,0,0,0,0,0,0
2129,0,0,0,0,0,0
2130,0,0,0,0,0,0
2131,0,0,0,0,0,0
2132,0,0,0,0,0,0
2133,0,0,0,0,0,0
2134,0,0,0,0,0,0
2135,0,0,0,0,0,0
2136,0,0,0,0,0,0
2137,0,0,0,0,0,0
2138,0,0,0,0,0,0
2139,0,0,0,0,0,0
2140,0,0,0,0,0,0
2141,0,0,0,0,0,0
2142,0,0,0,0,0,0
2143,0,0,0,0,0,0
2144,0,0,0,0,0,0
2145,0,0,0,0,0,0
2146,0,0,0,0,0,0
2147,0,0,0,0,0,0
2148,0,0,0,0,0,0
2149,0,0,0,0,0,0
2150,0,0,0,0,0,0
2151,0,0,0,0,0,0
2152,0,0,0,0,0,0
2153,0,0,0,0,0,0
2154,0,0,0,0,0,0
2155,0,0,0,0,0,0
2156,0,0,0,0,0,0
2157,0,0,0,0,0,0
2158,0,0,0,0,0,0
2159,0,0,0,0,0,0
2160,0,0,0,0,0,0
2161,0,0,0,0,0,0
2162,0,0,0,0,0,0
2163,0,0,0,0,0,0
2164,0,0,0,0,0,0
2165,0,0,0,0,0,0
2166,0,0,0,0,0,0
2167,0,0,0,0,0,0
2168,0,0,0,0,0,0
2169,0,0,0,0,0,0
2170,0,0,0,0,0,0
2171,0,0,0,0,0,0
2172,0,0,0,0,0,0
2173,0,0,0,0,0,0
2174,0,0,0,0,0,0
2175,0,0,0,0,0,0
2176,0,0,0,0,0,0
2177,0,0,0,0,0,0
2178,0,0,0,0,0,0
2179,0,0,0,0,0,0
2180,0,0,0,0,0,0
2181,0,0,0,0,0,0
2182,0,0,0,0,0,0
2183,0,0,0,0,0,0
2184,0,0,0,0,0,0
2185,0,0,0,0,0,0
2186,0,0,0,0,0,0
2187,0,0,0,0,0,0
2188,0,0,0,0,0,0
2189,0,0,0,0,0,0
2190,0,0,0,0,0,0
2191,0,0,0,0,0,0
2192,0,0,0,0,0,0
2193,0,0,0,0,0,0
2194,0,0,0,0,0,0
2195,0,0,0,0,0,0
2196,0,0,0,0,0,0
2197,0,0,0,0,0,0
2198,0,0,0,0,0,0
2199,0,0,0,0,0,0
2200,0,0,0,0,0,0
2201,0,0,0,0,0,0
2202,0,0,0,0,0,0
2203,0,0,0,0,0,0
2204,0,0,0,0,0,0
2205,0,0,0,0,0,0
2206,0,0,0,0,0,0
2207,0,0,0,0,0,0
2208,0,0,0,0,0,0
2209,0,0,0,0,0,0
2210,0,0,0,0,0,0
2211,0,0,0,0,0,0
2212,0,0,0,0,0,0
2213,0,0,0,0,0,0
2214,0,0,0,0,0,0
2215,0,0,0,0,0,0
2216,0,0,0,0,0,0
2217,0,0,0,0,0,0
2218,0,0,0,0,0,0
2219,0,0,0,0,0,0
2220,0,0,0,0,0,0
2221,0,0,0,0,0,0
2222,0,0,0,0,0,0
2223,0,0,0,0,0,0
2224,0,0,0,0,0,0
2225,0,0,0,0,0,0
2226,0,0,0,0,0,0
2227,0,0,0,0,0,0
2228,0,0,0,0,0,0
2229,0,0,0,0,0,0
2230,0,0,0,0,0,0
2231,0,0,0,0,0,0
2232,0,0,0,0,0,0
2233,0,0,0,0,0,0
2234,0,0,0,0,0,0
2235,0,0,0,0,0,0
2236,0,0,0,0,0,0
2237,0,0,0,0,0,0
2238,0,0,0,0,0,0
2239,0,0,0,0,0,0
2240,0,0,0,0,0,0
2241,0,0,0,0,0,0
2242,0,0,0,0,0,0
2243,0,0,0,0,0,0
2244,0,0,0,0,0,0
2245,0,0,0,0,0,0
2246,0,0,0,0,0,0
2247,0,0,0,0,0,0
2248,0,0,0,0,0,0
2249,0,0,0,0,0,0
2250,0,0,0,0,0,0
2251,0,0,0,0,0,0
2252,0,0,0,0,0,0
2253,0,0,0,0,0,0
2254,0,0,0,0,0,0
2255,0,0,0,0,0,0
2256,0,0,0,0,0,0
2257,0,0,0,0,0,0
2258,0,0,0,0,0,0
2259,0,0,0,0,0,0
2260,0,0,0,0,0,0
2261,0,0,0,0,0,0
2262,0,0,0,0,0,0
2263,0,0,0,0,0,0
2264,0,0,0,0,0,0
2265,0,0,0,0,0,0
2266,0,0,0,0,0,0
2267,0,0,0,0,0,0
2268,0,0,0,0,0,0
2269,0,0,0,0,0,0
2270,0,0,0,0,0,0
2271,0,0,0,0,0,0
2272,0,0,0,0,0,0
2273,0,0,0,0,0,0
2274,0,0,0,0,0,0
2275,0,0,0,0,0,0
2276,0,0,0,0,0,0
2277,0,0,0,0,0,0
2278,0,0,0,0,0,0
2279,0,0,0,0,0,0
2280,0,0,0,0,0,0
2281,0,0,0,0,0,0
2282,0,0,0,0,0,0
2283,0,0,0,0,0,0
2284,0,0,0,0,0,0
2285,0,0,0,0,0,0
2286,0,0,0,0,0,0
2287,0,0,0,0,0,0
2288,0,0,0,0,0,0
2289,0,0,0,0,0,0
2290,0,0,0,0,0,0
2291,0,0,0,0,0,0
2292,0,0,0,0,0,0
2293,0,0,0,0,0,0
2294,0,0,0,0,0,0
2295,0,0,0,0,0,0
2296,0,0,0,0,0,0
2297,0,0,0,0,0,0
2298,0,0,0,0,0,0
2299,0,0,0,0,0,0
2300,0,0,0,0,0,0
2301,0,0,0,0,0,0
2302,0,0,0,0,0,0
2303,0,0,0,0,0,0
2304,0,0,0,0,0,0
2305,0,0,0,0,0,0
2306,0,0,0,0,0,0
2307,0,0,0,0,0,0
2308,0,0,0,0,0,0
2309,0,0,0,0,0,0
2310,0,0,0,0,0,0
2311,0,0,0,0,0,0
2312,0,0,0,0,0,0
2313,0,0,0,0,0,0
2314,0,0,0,0,0,0
2315,0,0,0,0,0,0
2316,0,0,0,0,0,0
2317,0,0,0,0,0,0
2318,0,0,0,0,0,0
2319,0,0,0,0,0,0
2320,0,0,0,0,0,0
2321,0,0,0,0,0,0
2322,0,0,0,0,0,0
2323,0,0,0,0,0,0
2324,0,0,0,0,0,0
2325,0,0,0,0,0,0
2326,0,0,0,0,0,0
2327,0,0,0,0,0,0
2328,0,0,0,0,0,0
2329,0,0,0,0,0,0
2330,0,0,0,0,0,0
2331,0,0,0,0,0,0
2332,0,0,0,0,0,0
2333,0,0,0,0,0,0
2334,0,0,0,0,0,0
2335,0,0,0,0,0,0
2336,0,0,0,0,0,0
2337,0,0,0,0,0,0
2338,0,0,0,0,0,0
2339,0,0,0,0,0,0
2340,0,0,0,0,0,0
2341,0,0,0,0,0,0
2342,0,0,0,0,0,0
2343,0,0,0,0,0,0
2344,0,0,0,0,0,0
2345,0,0,0,0,0,0
2346,0,0,0,0,0,0
2347,0,0,0,0,0,0
2348,0,0,0,0,0,0
2349,0,0,0,0,0,0
2350,0,0,0,0,0,0
2351,0,0,0,0,0,0
2352,0,0,0,0,0,0
2353,0,0,0,0,0,0
2354,0,0,0,0,0,0
2355,0,0,0,0,0,0
2356,0,0,0,0,0,0
2357,0,0,0,0,0,0
2358,0,0,0,0,0,0
2359,0,0,0,0,0,0
2360,0,0,0,0,0,0
2361,0,0,0,0,0,0
2362,0,0,0,0,0,0
2363,0,0,0,0,0,0
2364,0,0,0,0,0,0
2365,0,0,0,0,0,0
2366,0,0,0,0,0,0
2367,0,0,0,0,0,0
2368,0,0,0,0,0,0
2369,0,0,0,0,0,0
2370,0,0,0,0,0,0
2371,0,0,0,0,0,0
2372,0,0,0,0,0,0
2373,0,0,0,0,0,0
2374,0,0,0,0,0,0
2375,0,0,0,0,0,0
2376,0,0,0,0,0,0
2377,0,0,0,0,0,0
2378,0,0,0,0,0,0
2379,0,0,0,0,0,0
2380,0,0,0,0,0,0
2381,0,0,0,0,0,0
2382,0,0,0,0,0,0
2383,0,0,0,0,0,0
2384,0,0,0,0,0,0
2385,0,0,0,0,0,0
2386,0,0,0,0,0,0
2387,0,0,0,0,0,0
2388,0,0,0,0,0,0
2389,0,0,0,0,0,0
2390,0,0,0,0,0,0
2391,0,0,0,0,0,0
2392,0,0,0,0,0,0
2393,0,0,0,0,0,0
2394,0,0,0,0,0,0
2395,0,0,0,0,0,0
2396,0,0,0,0,0,0
2397,0,0,0,0,0,0
2398,0,0,0,0,0,0
2399,0,0,0,0,0,0
2400,0,0,0,0,0,0
2401,0,0,0,0,0,0
2402,0,0,0,0,0,0
2403,0,0,0,0,0,0
2404,0,0,0,0,0,0
2405,0,0,0,0,0,0
2406,0,0,0,0,0,0
2407,0,0,0,0,0,0
2408,0,0,0,0,0,0
2409,0,0,0,0,0,0
2410,0,0,0,0,0,0
2411,0,0,0,0,0,0
2412,0,0,0,0,0,0
2413,0,0,0,0,0,0
2414,0,0,0,0,0,0
2415,0,0,0,0,0,0
2416,0,0,0,0,0,0
2417,0,0,0,0,0,0
2418,0,0,0,0,0,0
2419,0,0,0,0,0,0
2420,0,0,0,0,0,0
2421,0,0,0,0,0,0
2422,0,0,0,0,0,0
2423,0,0,0,0,0,0
2424,0,0,0,0,0,0
2425,0,0,0,0,0,0
2426,0,0,0,0,0,0
2427,0,0,0,0,0,0
2428,0,0,0,0,0,0
2429,0,0,0,0,0,0
2430,0,0,0,0,0,0
2431,0,0,0,0,0,0
2432,0,0,0,0,0,0
2433,0,0,0,0,0,0
2434,0,0,0,0,0,0
2435,0,0,0,0,0,0
2436,0,0,0,0,0,0
2437,0,0,0,0,0,0
2438,0,0,0,0,0,0
2439,0,0,0,0,0,0
2440,0,0,0,0,0,0
2441,0,0,0,0,0,0
2442,0,0,0,0,0,0
2443,0,0,0,0,0,0
2444,0,0,0,0,0,0
2445,0,0,0,0,0,0
2446,0,0,0,0,0,0
2447,0,0,0,0,0,0
2448,0,0,0,0,0,0
2449,0,0,0,0,0,0
2450,-0.20185,-5.275404,11.07673,-1656.545815,-1027.357454,-434.392903
2451,-0.770984,-6.095337,19.114606,-2773.043822,-1435.203915,-461.810402
2452,-1.363663,-7.597747,32.725593,-4847.280267,-2233.541487,-680.904634
2453,-2.960741,-12.961573,59.461838,-8932.691776,-4080.056886,-1267.11263
2454,-6.136726,-19.321767,112.446283,-16737.58906,-7572.300234,-2011.106237
2455,-11.161127,-26.794046,182.411966,-26059.85301,-11941.47448,-3414.787103
2456,-12.292372,-29.068756,226.057819,-31453.9769,-14877.79086,-3642.877542
2457,-6.803587,-28.570218,243.515062,-33409.91256,-15981.13539,-2624.507703
2458,-4.348062,-30.109133,246.14029,-32990.54109,-15840.84446,-2605.662901
2459,-1.309672,-29.23543,239.517946,-31660.11146,-15222.55803,-1901.847633
2460,2.572424,-29.685697,228.592319,-30353.23147,-14634.13179,-1327.156693
2461,2.099191,-30.99844,219.615117,-29069.11176,-14146.50831,-1720.888598
2462,4.033777,-30.929697,212.618963,-28094.76965,-13776.55922,-1234.031377
2463,5.104575,-32.974286,208.653494,-27499.30342,-13491.36031,-1340.462449
2464,3.887005,-33.652746,207.085684,-27235.16508,-13320.99319,-1669.538936
2465,5.819057,-33.748586,206.782553,-27329.94527,-13370.14085,-1180.775099
2466,5.756502,-35.954492,208.971853,-27595.17198,-13478.4971,-1534.143115
2467,5.990216,-36.101994,213.980718,-28116.62161,-13710.29719,-1455.884373
2468,8.286036,-37.201737,220.207905,-28820.43122,-14213.49049,-1093.319669
2469,7.29149,-38.996544,227.395298,-29725.62447,-14650.20723,-1512.390757
2470,8.330743,-38.796952,236.426974,-30790.72885,-15223.53754,-1259.320345
2471,9.090799,-40.546871,245.685121,-31825.96615,-15668.76121,-1243.228108
2472,8.056603,-41.762177,254.169052,-32826.49076,-16095.15765,-1602.144686
2473,9.116614,-41.951611,260.339294,-33648.65446,-16570.03175,-1366.139284
2474,8.637833,-44.482586,265.479949,-34225.01356,-16929.40516,-1694.661775
2475,7.873345,-45.310391,270.890288,-34690.83274,-17182.51446,-1851.632154
2476,8.941395,-46.274635,273.043547,-34936.43894,-17400.59619,-1714.876277
2477,7.754722,-48.733196,275.101163,-35043.75331,-17504.92562,-2146.263994
2478,7.534873,-48.720142,276.667539,-35165.43942,-17600.46867,-2109.247536
2479,7.98354,-50.23439,277.478269,-35209.89593,-17605.83747,-2169.702759
2480,6.231033,-51.647034,278.058042,-35172.95543,-17639.61173,-2500.004727
2481,6.820205,-51.629886,279.228025,-35163.79802,-17721.587,-2388.980039
2482,6.345203,-53.325371,278.737668,-35070.41274,-17806.01762,-2658.536078
2483,4.775504,-53.458256,279.004148,-34980.05998,-17797.58141,-2832.506986
2484,5.494795,-52.547081,275.964048,-34710.38,-17734.3419,-2691.906908
2485,3.831444,-53.960899,276.948942,-34614.38065,-17598.45219,-3031.885389
2486,3.144355,-52.842846,274.530302,-34358.9662,-17540.24597,-3034.236002
2487,4.056318,-52.112839,272.573515,-33892.98678,-17455.08263,-2928.861333
2488,2.081322,-52.470131,269.928465,-33598.1114,-17246.2167,-3229.765108
2489,2.921083,-50.505463,266.628569,-33026.12406,-17103.57665,-2960.401294
2490,3.879424,-50.658383,264.800567,-32724.92388,-17041.7101,-3014.904527
2491,2.591606,-49.409436,262.291076,-32377.96881,-16798.89352,-3124.814328
2492,3.968552,-47.859654,260.555938,-32075.00942,-16674.83566,-2774.337263
2493,3.393986,-47.724213,259.209472,-31888.61374,-16545.12632,-3028.877463
2494,2.748087,-46.265504,258.362304,-31611.52199,-16601.85023,-2950.261042
2495,3.73438,-45.340954,258.544159,-31586.01515,-16741.98572,-2810.409926
2496,2.573396,-44.866586,259.119842,-31495.49255,-16824.6786,-3138.757831
2497,2.364513,-43.70826,260.645568,-31465.13611,-16930.38174,-2956.565421
2498,2.166227,-43.404298,262.429961,-31643.80946,-17134.42049,-3081.184776
2499,0.376713,-42.881398,264.974517,-31709.59381,-17305.24724,-3337.441158
2500,0.276986,-42.19943,267.166045,-31914.49311,-17493.45293,-3206.210871
2501,-0.896367,-42.939954,269.401793,-31947.79465,-17801.70383,-3549.178533
2502,-1.948662,-42.786958,272.623777,-32019.34965,-18120.28094,-3716.212433
2503,-1.981115,-42.990053,275.266996,-32167.68306,-18292.11725,-3676.813084
2504,-3.442494,-44.001814,277.458524,-32170.29987,-18494.92815,-4055.239951
2505,-3.935437,-43.893877,279.922482,-32234.2549,-18632.51856,-4052.955506
2506,-4.330477,-45.296797,281.178983,-32279.11082,-18804.73346,-4183.569122
2507,-5.473581,-46.416082,282.788968,-32285.60376,-18889.55936,-4506.908011
2508,-5.479163,-47.088068,283.512326,-32248.50503,-19068.93093,-4438.505042
2509,-6.05235,-49.215467,284.370297,-32135.56903,-19164.27387,-4681.739489
2510,-6.854919,-50.284109,285.002011,-31986.74984,-19287.96614,-4879.716665
2511,-6.820355,-51.254331,285.188351,-31915.12441,-19189.69373,-4828.76469
2512,-7.819513,-53.084146,285.101437,-31826.60237,-19226.43054,-5080.98281
2513,-8.361293,-53.681284,285.019497,-31596.38819,-19271.50855,-5154.630135
2514,-8.336244,-55.251161,285.475613,-31539.01927,-19330.76354,-5170.70542
2515,-9.345937,-56.589761,286.377285,-31346.15696,-19428.2118,-5429.703785
2516,-9.345182,-56.841364,286.608395,-31215.93889,-19491.82159,-5369.678945
2517,-10.108492,-58.278837,287.149929,-31194.03761,-19598.48384,-5453.564196
2518,-11.022811,-58.506304,288.404781,-31116.75136,-19647.72278,-5601.132912
2519,-11.240411,-58.608797,290.468075,-31188.68924,-19751.30064,-5499.763823
2520,-12.333513,-59.549871,292.215084,-31197.6354,-19914.57913,-5692.859208
2521,-12.970346,-59.416674,295.529475,-31310.62986,-20175.56241,-5695.096617
2522,-13.277003,-59.786593,298.309657,-31384.24745,-20473.2502,-5689.402083
2523,-14.473837,-60.372969,301.706812,-31641.96735,-20753.38522,-5867.061048
2524,-15.158588,-59.63872,305.022852,-31668.45271,-20899.69493,-5813.97724
2525,-15.610106,-60.414469,308.737359,-31933.61313,-21152.1434,-5905.182808
2526,-16.522552,-60.447703,311.957726,-32115.95706,-21380.1796,-6002.613647
2527,-16.632922,-60.046801,315.317681,-32241.37251,-21596.95278,-5940.015873
2528,-16.99031,-60.880499,317.421288,-32377.51662,-21758.50032,-6065.58145
2529,-17.108016,-60.649138,319.481773,-32432.33648,-21906.54961,-6078.057064
2530,-16.552196,-60.708193,321.052025,-32480.3976,-22040.25968,-6047.067872
2531,-16.825515,-61.066809,322.081962,-32489.50316,-22031.84811,-6151.396569
2532,-16.503251,-60.12646,322.980278,-32426.6358,-22009.65263,-6052.091712
2533,-16.128976,-60.230235,322.803459,-32358.40869,-21988.16301,-6082.47092
2534,-15.91455,-60.127127,322.9869,-32219.19621,-22023.55573,-6118.166639
2535,-15.312577,-59.314322,322.41027,-32034.7996,-22025.62571,-6016.590561
2536,-15.020817,-59.438467,321.739067,-31958.37206,-22034.24062,-6106.35258
2537,-14.657374,-58.590212,321.87838,-31799.47439,-21952.84576,-6009.204153
2538,-14.111997,-57.844179,321.478172,-31680.79574,-21933.8811,-5948.501559
2539,-14.059109,-57.478266,321.568474,-31580.90153,-21872.62262,-6012.139319
2540,-13.521509,-56.312018,321.658531,-31536.63872,-21878.63985,-5906.727093
2541,-12.927983,-56.132551,321.842644,-31421.87412,-21973.18918,-5895.02914
2542,-12.858088,-55.744963,322.425529,-31393.75433,-22028.59239,-5894.367165
2543,-12.411696,-54.658541,322.471061,-31352.41887,-22017.765,-5774.729041
2544,-12.159084,-54.373541,323.006767,-31386.92717,-22052.53179,-5810.60807
2545,-12.156311,-53.373717,323.992301,-31362.33556,-22027.13024,-5733.774784
2546,-11.928124,-52.490477,323.543296,-31351.25127,-22018.5348,-5640.4106
2547,-11.892833,-52.10163,324.21212,-31395.15472,-22013.08051,-5687.713171
2548,-11.85686,-50.989657,324.392967,-31321.29058,-22068.45852,-5560.667554
2549,-11.855736,-50.659296,324.664085,-31254.76196,-22172.24504,-5532.15541
2550,-11.949131,-50.169775,324.66204,-31244.8293,-22073.60655,-5538.170744
2551,-11.981017,-48.922068,324.883872,-31264.85539,-22026.07341,-5401.946844
2552,-12.327391,-48.22605,324.477653,-31233.41679,-21941.93156,-5414.98413
2553,-12.558211,-47.327647,323.894493,-31167.36297,-21935.18254,-5355.417432
2554,-12.510965,-46.614051,323.894706,-31153.73332,-21941.36726,-5252.140678
2555,-12.743429,-46.248092,323.583061,-31026.70804,-21925.23767,-5264.677846
2556,-12.859632,-45.283851,322.911094,-30958.12788,-21891.24272,-5159.5718
2557,-12.884035,-44.636863,322.68798,-30888.19794,-21864.04975,-5104.30537
2558,-12.966842,-43.964644,322.463035,-30826.30256,-21843.68878,-5111.012186
2559,-12.958299,-42.797015,321.881218,-30731.80479,-21746.21703,-4993.108982
2560,-13.031194,-42.444759,320.985527,-30654.98645,-21714.65762,-4982.573641
2561,-12.909216,-41.650336,320.496025,-30498.24748,-21721.25576,-4928.239439
2562,-12.741282,-40.959777,319.736595,-30386.02647,-21698.36562,-4855.053409
2563,-12.55218,-40.483699,318.88543,-30309.00303,-21631.05116,-4854.593081
2564,-12.395478,-39.418643,318.483605,-30200.38856,-21520.53443,-4757.417816
2565,-12.115135,-38.694793,317.140526,-30100.44311,-21485.22934,-4693.501512
2566,-12.076124,-38.059844,316.110711,-29985.48011,-21349.59834,-4670.368992
2567,-11.70245,-37.019656,315.48745,-29832.80204,-21284.23911,-4539.121741
2568,-11.364805,-36.591274,314.234338,-29744.17928,-21250.80085,-4499.64375
2569,-11.129644,-35.945506,313.384911,-29624.65234,-21221.64199,-4463.187379
2570,-10.700193,-35.031322,312.402673,-29485.71624,-21109.48702,-4338.373523
2571,-10.570021,-34.441963,311.284539,-29341.0359,-21022.95282,-4317.633007
2572,-10.370482,-33.424701,309.896112,-29243.03168,-20839.73417,-4199.35229
2573,-10.066995,-32.747314,308.597742,-29158.31329,-20764.28879,-4121.519905
2574,-9.902384,-32.27151,307.524988,-29009.01526,-20697.10214,-4109.693606
2575,-9.565596,-31.401756,306.184015,-28858.22935,-20609.75636,-4002.873257
2576,-9.400387,-30.893056,304.887445,-28716.74453,-20561.32477,-3954.301155
2577,-9.315591,-30.156928,303.860437,-28539.31073,-20454.88248,-3890.431871
2578,-9.19477,-29.263439,302.473047,-28428.2316,-20386.66027,-3773.957539
2579,-9.14237,-28.708372,301.6672,-28343.51932,-20282.45181,-3736.782423
2580,-9.103721,-27.801111,300.503474,-28200.13558,-20156.37317,-3684.699526
2581,-8.902857,-27.224773,299.253626,-28029.18717,-20190.7919,-3599.76447
2582,-8.874664,-26.872993,298.090571,-27902.72371,-20164.02464,-3594.080631
2583,-8.834558,-25.899538,296.884639,-27725.29946,-20079.0597,-3468.802337
2584,-8.807643,-25.309795,295.630611,-27607.58565,-19957.23672,-3454.626503
2585,-8.892767,-24.58398,294.601833,-27480.25993,-19885.05226,-3387.951718
2586,-8.945381,-23.711281,293.123592,-27365.21147,-19756.29125,-3317.021101
2587,-9.019113,-23.177498,292.229579,-27231.75354,-19715.92654,-3286.574093
2588,-9.104212,-22.577371,291.203121,-27064.08317,-19657.55422,-3201.250578
2589,-9.045721,-21.919733,289.235103,-26849.09358,-19602.89144,-3173.658784
2590,-9.133648,-21.362913,287.624386,-26678.64657,-19582.317,-3156.927422
2591,-9.276774,-20.433058,286.549252,-26570.35378,-19412.80354,-3079.231051
2592,-9.534765,-19.842999,285.296292,-26434.42302,-19289.60818,-3025.548496
2593,-9.622142,-19.253313,284.043881,-26280.53562,-19168.30968,-2988.316649
2594,-9.493965,-18.744047,282.300931,-26066.76427,-19129.19452,-2953.55658
2595,-9.660841,-18.37962,281.139432,-25885.5601,-19109.09304,-2947.738382
2596,-9.841165,-17.9154,279.216458,-25691.30648,-19022.7455,-2891.474492
2597,-9.82488,-17.394038,278.415097,-25481.48548,-18940.55488,-2849.948764
2598,-10.097562,-17.040945,276.89578,-25255.26837,-18836.28907,-2853.123765
2599,-10.266258,-16.463105,275.331449,-25052.06801,-18704.06289,-2795.092771
2600,-10.378508,-16.179818,273.857725,-24828.57401,-18591.98682,-2782.270672
2601,-10.501434,-15.918337,272.295805,-24574.61377,-18602.25597,-2767.124924
2602,-10.51048,-15.668885,270.509123,-24339.23247,-18617.25583,-2756.616219
2603,-10.681951,-15.613552,268.81433,-24042.99358,-18458.78342,-2738.532838
2604,-10.884569,-15.124542,267.428038,-23861.36333,-18370.00485,-2728.385683
2605,-11.018649,-14.807979,266.135222,-23614.04379,-18265.81302,-2679.007602
2606,-11.248072,-14.773072,263.943969,-23377.39946,-18174.20477,-2717.828548
2607,-11.381425,-14.308519,262.875274,-23124.46753,-18082.96933,-2659.824672
2608,-11.665157,-14.376024,261.22351,-22882.85214,-18037.72346,-2668.543482
2609,-11.753238,-14.410018,259.975006,-22658.15997,-18007.54149,-2680.099059
2610,-11.853032,-14.125764,258.770843,-22421.26344,-17958.69349,-2676.620279
2611,-12.217547,-14.023536,257.253631,-22163.82792,-17805.9046,-2662.85658
2612,-12.489748,-13.602798,255.733078,-21971.09887,-17674.25429,-2654.656832
2613,-12.807019,-13.671314,254.126038,-21747.50111,-17595.82659,-2635.705651
2614,-12.874777,-13.693201,252.474228,-21490.69936,-17563.19223,-2679.470003
2615,-13.032483,-13.55681,251.093171,-21200.7515,-17535.6365,-2666.343015
2616,-13.246263,-13.716251,249.800324,-20976.18098,-17464.72411,-2661.178441
2617,-13.380291,-13.57929,248.775422,-20744.83012,-17391.42557,-2675.582651
2618,-13.558866,-13.431838,247.616502,-20522.17743,-17353.07049,-2650.815886
2619,-13.820949,-13.284093,246.276918,-20294.53259,-17144.50255,-2664.912974
2620,-13.998878,-13.386574,244.938295,-20104.12385,-17151.8466,-2650.680824
2621,-14.133533,-13.374924,243.558351,-19796.49686,-17170.61425,-2644.142903
2622,-14.131021,-13.591478,241.952196,-19560.76513,-17167.53442,-2659.803933
2623,-14.218454,-13.398933,241.017458,-19331.82647,-17086.64942,-2642.328316
2624,-14.443842,-13.387406,239.99225,-19118.63889,-16960.08719,-2649.223679
2625,-14.623824,-13.251856,238.42885,-18914.37815,-16877.38882,-2628.820692
2626,-14.60757,-13.196226,237.358828,-18726.92913,-16836.72081,-2615.519577
2627,-14.775749,-13.265325,236.06676,-18480.84369,-16767.57896,-2594.715163
2628,-14.828064,-13.106155,235.221041,-18271.39352,-16737.4709,-2593.245493
2629,-14.68611,-13.164861,234.062091,-18079.38394,-16724.41486,-2582.090296
2630,-14.772086,-13.291187,233.397174,-17867.14202,-16638.26036,-2559.048573
2631,-14.756728,-12.861104,232.325427,-17692.26078,-16506.80523,-2530.811122
2632,-14.913257,-12.748691,230.986072,-17497.84362,-16397.10659,-2505.827367
2633,-14.920398,-12.601989,229.73685,-17297.91019,-16369.74753,-2488.162131
2634,-14.799143,-12.638788,229.025821,-17136.60657,-16327.31939,-2447.219221
2635,-14.714665,-12.594866,227.777072,-16936.1534,-16316.95423,-2431.693963
2636,-14.537964,-12.517933,226.97768,-16720.82308,-16263.53126,-2398.254962
2637,-14.40374,-12.497983,226.75922,-16579.90305,-16197.4276,-2350.715952
2638,-14.386441,-12.340144,225.867862,-16411.17263,-16160.6918,-2326.250469
2639,-14.367568,-12.103377,225.333256,-16297.99301,-16068.33318,-2288.191355
2640,-14.144036,-12.014896,224.576359,-16145.5112,-16029.76053,-2266.166953
2641,-13.863907,-12.154218,223.82407,-15898.01796,-16048.18457,-2232.348265
2642,-13.56974,-12.078145,223.06786,-15759.81382,-16089.16876,-2173.611869
2643,-13.355369,-11.955554,223.072331,-15637.56213,-16007.13174,-2144.934914
2644,-13.200055,-11.719122,222.404804,-15483.90835,-15961.18596,-2109.505898
2645,-12.962223,-11.551923,222.050358,-15382.67587,-15930.72893,-2053.262005
2646,-12.842426,-11.451703,221.3391,-15198.00423,-15852.10962,-2031.209519
2647,-12.535114,-11.261766,220.939442,-15114.15174,-15883.15794,-1972.794699
2648,-12.241659,-11.095321,220.452092,-14967.70106,-15819.15384,-1912.162598
2649,-11.978294,-11.062555,220.725392,-14876.44392,-15901.1443,-1885.565211
2650,-11.650826,-11.089398,220.103505,-14741.917,-15843.2739,-1840.380117
2651,-11.424569,-10.671907,219.970555,-14680.59808,-15729.93783,-1794.039275
2652,-11.279238,-10.265792,219.571309,-14552.022,-15655.51767,-1726.976226
2653,-11.097133,-10.074736,219.755711,-14427.38744,-15657.8765,-1673.250598
2654,-10.82592,-10.157331,218.998723,-14313.24939,-15684.2944,-1636.861969
2655,-10.46128,-9.966604,219.226765,-14215.75818,-15670.47196,-1608.661637
2656,-10.164813,-9.890899,219.051472,-14140.67246,-15659.68905,-1543.018297
2657,-9.972807,-9.74558,218.877507,-14004.16985,-15645.36871,-1495.98316
2658,-9.663445,-9.498349,219.417729,-13958.63323,-15601.13707,-1449.414562
2659,-9.505893,-9.284972,219.062901,-13855.57713,-15563.195,-1400.068029
2660,-9.280135,-9.219723,218.574284,-13744.69266,-15541.81071,-1357.250864
2661,-8.925531,-9.176213,218.983479,-13621.44548,-15617.90698,-1324.111483
2662,-8.675414,-9.258254,218.989583,-13489.23174,-15636.98394,-1285.692672
2663,-8.287386,-9.182527,218.903798,-13418.72657,-15638.36814,-1231.714638
2664,-8.139927,-9.003746,218.772221,-13353.08319,-15576.56316,-1170.703699
2665,-7.959546,-8.788113,219.17986,-13213.84552,-15528.46727,-1176.898793
2666,-7.810071,-8.814809,219.0947,-13151.68413,-15534.60771,-1083.082566
2667,-7.455868,-8.624634,219.231984,-13094.8725,-15529.48093,-1038.621964
2668,-7.309345,-8.682352,219.327778,-12939.11252,-15549.13271,-1025.464249
2669,-6.932385,-8.719914,219.198125,-12855.0086,-15604.71125,-973.432113
2670,-6.82955,-8.607257,219.651814,-12724.38469,-15630.6193,-933.200657
2671,-6.647451,-8.348483,219.788258,-12673.72546,-15551.1162,-886.327321
2672,-6.534992,-8.123267,219.565983,-12615.3227,-15488.21588,-848.318295
2673,-6.375097,-8.068625,219.614094,-12550.06908,-15489.81748,-803.070749
2674,-6.181094,-7.990037,220.111531,-12443.29742,-15496.19572,-785.80592
2675,-5.906077,-8.015442,220.29488,-12376.73107,-15533.42826,-738.264304
2676,-5.724226,-8.0044,220.703404,-12245.50338,-15562.42147,-736.893886
2677,-5.427279,-7.825988,221.022725,-12125.87461,-15545.95977,-667.2858
2678,-5.380976,-7.736977,221.114674,-12086.32316,-15534.03265,-612.682416
2679,-5.393062,-7.612197,221.474354,-12045.23846,-15455.74998,-606.416003
2680,-5.267687,-7.431621,221.658711,-11921.11092,-15501.32243,-559.442065
2681,-5.118135,-7.545685,222.066715,-11830.92287,-15592.34621,-543.697317
2682,-4.77338,-7.547327,222.654072,-11750.12936,-15694.52282,-512.61138
2683,-4.717057,-7.49144,223.152638,-11612.46152,-15664.28201,-481.344063
2684,-4.682017,-7.333148,223.333805,-11570.37214,-15687.92825,-443.053601
2685,-4.66152,-7.162362,223.336948,-11459.9681,-15675.6714,-443.995709
2686,-4.635639,-7.028002,224.146152,-11436.72639,-15642.75536,-371.297659
2687,-4.657771,-6.936118,224.55167,-11379.17554,-15695.47852,-367.27073
2688,-4.533323,-6.812096,224.601139,-11257.13977,-15723.25345,-338.443334
2689,-4.326775,-6.915605,225.145344,-11130.42393,-15798.08058,-306.919985
2690,-4.440991,-6.778099,225.641025,-11048.39881,-15801.97631,-298.386285
2691,-4.404379,-6.472305,226.314228,-11036.7222,-15783.30577,-246.842829
2692,-4.588052,-6.347303,226.49567,-10968.48502,-15717.46972,-217.325241
2693,-4.553649,-6.256418,226.811817,-10906.36592,-15731.79213,-204.197643
2694,-4.48622,-6.176355,226.905506,-10790.61843,-15798.08492,-202.684457
2695,-4.541403,-6.209916,227.672626,-10683.7288,-15876.07889,-170.910812
2696,-4.541028,-6.061735,227.988483,-10623.98072,-15911.76497,-157.893981
2697,-4.451038,-6.017359,228.037586,-10513.92527,-15906.50471,-133.307543
2698,-4.598265,-5.800255,228.757587,-10433.41658,-15931.17313,-106.654666
2699,-4.564845,-5.48251,229.073429,-10357.97044,-15882.04596,-82.804474
2700,-4.713962,-5.402199,229.120563,-10287.14604,-15899.43493,-66.953516
2701,-4.622532,-5.492663,229.620929,-10114.84135,-16015.68623,-53.772098
2702,-4.541432,-5.469763,229.937503,-10055.52134,-16104.22812,-40.502749
2703,-4.576355,-5.458501,230.435336,-9933.097268,-16079.57616,-20.362159
2704,-4.657041,-5.162182,230.662555,-9827.005529,-16108.22761,1.397873
2705,-4.690689,-5.105182,231.068729,-9761.661657,-16128.83754,21.609259
2706,-4.817097,-4.956264,231.341006,-9656.651379,-16151.15179,32.42318
2707,-4.911948,-4.853579,230.896426,-9530.733759,-16149.58461,38.89161
2708,-4.900435,-4.773176,231.573428,-9405.859389,-16185.07719,44.882529
2709,-4.922346,-4.737945,232.251574,-9264.791391,-16287.35356,62.51204
2710,-4.944771,-4.771934,232.702914,-9193.867794,-16294.738,76.066771
2711,-5.093085,-4.373826,233.422534,-9106.221548,-16228.76064,115.904258
2712,-5.276792,-4.065878,233.377475,-9076.275848,-16208.58055,126.664981
2713,-5.369519,-3.974061,233.832736,-8883.17801,-16245.74623,148.737228
2714,-5.358446,-3.962275,233.971499,-8774.555215,-16323.39803,162.064473
2715,-5.198952,-3.905718,234.200732,-8646.225429,-16406.39951,177.182611
2716,-5.257891,-3.860107,234.655093,-8477.290144,-16372.2127,194.822076
2717,-5.417794,-3.722083,235.376589,-8350.112649,-16387.604,205.515193
2718,-5.474343,-3.506046,235.468951,-8278.798512,-16458.11623,246.020907
2719,-5.567539,-3.278322,235.832278,-8129.994648,-16422.73064,267.835585
2720,-5.660704,-3.005277,235.566561,-8020.266158,-16461.3734,299.02608
2721,-5.568641,-3.197622,236.651614,-7806.669892,-16562.68909,305.315161
2722,-5.627298,-3.071563,236.566058,-7680.085917,-16638.46832,313.826621
2723,-5.558062,-2.902129,237.064455,-7556.345347,-16676.55467,367.729797
2724,-5.558694,-2.8325,237.652102,-7413.849539,-16725.50683,359.96561
2725,-5.582115,-2.526854,238.059878,-7293.667386,-16674.27605,418.238887
2726,-5.663521,-2.310383,238.199068,-7149.970964,-16703.36132,444.752033
2727,-5.595982,-2.299287,238.38431,-7000.69506,-16760.55967,467.017541
2728,-5.618462,-2.128364,239.151705,-6858.77454,-16785.53761,495.669606
2729,-5.574209,-2.127614,239.383379,-6660.333305,-16891.88615,506.350986
2730,-5.654394,-1.831968,239.520861,-6567.820709,-16925.24037,546.562971
2731,-5.71043,-1.684954,240.151857,-6489.8945,-16899.1327,596.276818
2732,-5.781636,-1.308739,240.471315,-6294.880833,-16901.17158,610.553634
2733,-5.839068,-1.137563,240.833132,-6198.070849,-16921.20194,625.763968
2734,-5.738032,-1.115204,241.199938,-5985.121593,-16965.90301,649.962042
2735,-5.839777,-1.013009,241.788866,-5841.359439,-17024.72094,708.891452
2736,-5.922088,-0.852549,241.793245,-5695.304295,-17063.26328,708.054604
2737,-5.830392,-0.796407,242.293779,-5521.819759,-17147.76066,755.222149
2738,-5.932656,-0.56835,243.060152,-5400.235788,-17156.06706,786.202771
2739,-5.898345,-0.341241,243.691728,-5287.7128,-17147.1065,814.711136
2740,-6.036634,-0.260911,244.148271,-5067.979641,-17200.85371,852.895813
2741,-5.980517,-0.169192,244.470598,-4843.594993,-17343.73222,876.936462
2742,-5.935218,-0.21372,244.924989,-4687.498541,-17435.66826,878.63849
2743,-6.039509,-0.088342,245.289918,-4511.087339,-17440.81674,909.895865
2744,-6.061762,0.241744,245.966829,-4381.214089,-17484.0898,947.301291
2745,-6.085278,0.457884,246.195146,-4260.146165,-17519.4382,976.052515
2746,-6.177896,0.595013,246.560426,-4074.366297,-17565.88409,1004.925119
2747,-6.222778,0.743695,247.417893,-3924.343877,-17621.54113,1031.33852
2748,-6.28086,0.800812,247.693727,-3746.179799,-17683.07147,1065.049851
2749,-6.373436,0.847234,247.834626,-3572.991942,-17770.82655,1087.431131
2750,-6.290794,1.06347,249.231065,-3411.490596,-17847.86893,1131.564492
2751,-6.507736,1.325559,250.042481,-3279.387852,-17802.04068,1174.080291
2752,-6.588226,1.71278,250.4507,-3129.236154,-17848.50914,1211.429871
2753,-6.772784,1.930898,250.815598,-2931.340326,-17909.70869,1221.799061
2754,-6.816708,1.919503,251.584519,-2782.984216,-17997.39264,1274.01979
2755,-6.886208,2.091508,251.993668,-2614.027376,-18071.63984,1284.405785
2756,-7.00063,2.285428,252.537857,-2444.151291,-18121.1612,1324.617929
2757,-7.101075,2.389701,253.710312,-2273.446025,-18255.5741,1353.402932
2758,-7.22588,2.640514,254.613342,-2101.403254,-18299.2002,1402.520441
2759,-7.46556,2.858289,255.649445,-1948.48237,-18279.18045,1424.406406
2760,-7.658828,3.132615,256.012817,-1816.342622,-18403.11548,1469.286448
2761,-7.636208,3.032211,256.42514,-1594.927418,-18607.96731,1473.308755
2762,-7.635371,3.055332,257.194641,-1418.181786,-18697.46865,1509.164045
2763,-7.805368,3.353415,258.680511,-1226.29038,-18742.39725,1528.102556
2764,-7.999086,3.615645,259.35852,-1071.806622,-18774.94228,1579.735323
2765,-8.203358,3.970004,260.080535,-932.06419,-18879.35353,1619.648054
2766,-8.21429,4.072393,260.895446,-734.165117,-18945.75166,1666.675631
2767,-8.452205,4.302085,262.156005,-585.52018,-19002.16821,1695.355541
2768,-8.486054,4.394702,262.925628,-388.152152,-19131.24722,1712.613232
2769,-8.645021,4.487509,263.91867,-208.672291,-19209.67907,1736.975269
2770,-8.928373,4.56902,265.135558,-47.613469,-19273.72121,1779.964547
2771,-8.950405,5.069782,266.216613,111.411176,-19288.78759,1823.49391
2772,-9.224705,5.356236,266.803313,244.263487,-19323.02279,1843.137422
2773,-9.463335,5.47315,267.930846,433.617381,-19438.92447,1853.711196
2774,-9.586568,5.644117,268.924132,597.955041,-19536.70035,1921.455667
2775,-9.745146,5.749225,270.051115,768.790431,-19641.90111,1927.385735
2776,-9.901762,5.819,271.26782,911.132911,-19764.9057,1972.541478
2777,-10.048742,5.991321,272.259916,1066.520699,-19852.66813,2001.302501
2778,-10.204234,6.186681,274.103178,1191.160101,-19928.50763,2036.725215
2779,-10.489676,6.563513,274.601041,1340.962495,-19985.29603,2083.643185
2780,-10.531419,6.747853,276.265684,1487.54813,-20129.39062,2102.801835
2781,-10.608903,6.760438,277.484311,1677.350281,-20255.58594,2145.542047
2782,-10.559476,6.840925,278.700772,1806.383656,-20413.30583,2183.439646
2783,-10.683826,7.161219,279.871793,1967.4656,-20474.24263,2207.019796
2784,-10.701954,7.446963,281.580167,2081.853153,-20591.69648,2246.578398
2785,-10.917839,7.789552,282.573178,2270.901676,-20663.4843,2300.083814
2786,-10.958541,7.984754,284.324978,2345.758867,-20761.67595,2321.708761
2787,-11.092463,8.40721,285.629818,2479.00807,-20866.9842,2368.005808
2788,-11.178848,8.545865,287.339657,2619.282548,-21036.4812,2405.770358
2789,-11.23291,8.580824,288.601498,2764.837211,-21135.96086,2448.524829
2790,-11.182377,9.002426,290.39999,2893.413863,-21251.24905,2501.235712
2791,-11.292968,9.378416,291.747524,2961.85024,-21279.921,2550.128538
2792,-11.46028,9.720684,293.320735,3065.101956,-21324.20936,2605.93959
2793,-11.628114,10.031156,294.580287,3189.36299,-21509.95141,2620.538461
2794,-11.633447,10.282614,296.736903,3288.925008,-21603.89061,2664.678245
2795,-11.618078,10.409237,298.266444,3410.768439,-21727.69447,2688.634064
2796,-11.623987,10.716771,299.975916,3534.967723,-21863.80695,2760.227962
2797,-11.676446,11.071038,301.459956,3647.371688,-22021.37045,2804.305932
2798,-11.66043,11.390304,303.302057,3745.112831,-22076.18775,2843.705045
2799,-11.803592,11.812992,305.097772,3810.668805,-22156.75414,2885.485665
2800,-11.707297,12.052223,306.806451,3918.74653,-22264.83029,2931.895111
2801,-11.657239,12.14491,308.293481,4088.71948,-22480.92242,2967.238819
2802,-11.776973,12.340573,310.09115,4181.528618,-22639.60447,3005.013212
2803,-12.103286,12.879086,311.931298,4265.035467,-22749.57217,3028.314142
2804,-11.994871,12.993683,314.042962,4354.8684,-22825.17735,3054.348694
2805,-12.276727,13.577657,315.749047,4462.714143,-22923.7212,3068.201747
2806,-12.178681,13.760211,317.59121,4527.863424,-23072.05361,3117.182114
2807,-12.322089,13.932636,319.388695,4619.988273,-23157.34653,3155.075529
2808,-12.556669,14.402439,321.0942,4687.221809,-23298.21014,3178.522383
2809,-12.185604,14.447955,322.713981,4792.065311,-23502.801,3204.41158
2810,-12.32978,14.9393,324.645011,4896.433416,-23555.95668,3234.318673
2811,-12.837646,15.489512,326.840018,4885.901256,-23548.9599,3253.507095
2812,-12.800051,15.968089,328.053855,4985.081373,-23660.68427,3292.56335
2813,-13.847292,16.206105,329.891074,5039.35702,-23757.51856,3228.641016
2814,-15.673216,16.4999,331.90383,5104.80467,-23951.94305,3021.154935
2815,-16.491752,17.007287,333.474081,5191.845609,-24058.12478,3031.743682
2816,-14.034042,18.06671,335.276205,5208.197401,-24248.0092,3356.357304
2817,-15.771557,18.48289,337.24703,5360.003954,-24278.6846,3182.503518
2818,-14.813155,19.246646,338.819692,5338.712357,-24404.57741,3391.535088
2819,-13.687172,20.089764,340.529104,5415.500235,-24419.00238,3562.888761
2820,-15.083654,19.9824,341.646596,5501.926314,-24509.72236,3319.350475
2821,-13.370097,20.158709,343.408956,5620.415051,-24677.54295,3622.529007
2822,-13.458862,19.856337,345.025868,5698.920163,-24765.41825,3547.07271
2823,-13.937719,19.806558,346.193776,5805.234298,-24871.91482,3471.582491
2824,-12.399364,20.404752,347.323201,5868.033193,-24894.16296,3735.072478
2825,-13.32498,20.269576,349.070851,5957.875062,-24923.53516,3559.462926
2826,-13.160339,20.665278,349.880512,5990.68453,-25022.58907,3656.318353
2827,-12.457544,21.146676,351.052418,6067.285616,-25086.39063,3822.871435
2828,-13.396726,21.069018,352.48769,6218.004179,-25134.61341,3633.224157
2829,-12.567226,21.899674,353.077045,6280.671666,-25254.42813,3888.259086
2830,-12.599854,22.288421,354.423969,6367.683217,-25263.44574,3879.48056
2831,-13.376399,22.796265,355.271778,6369.287052,-25241.26496,3819.288249
2832,-12.534583,23.920762,356.217945,6389.27459,-25237.91107,4112.440579
2833,-13.040764,23.953547,356.978717,6480.905842,-25267.40894,3928.951034
2834,-13.209379,24.612168,357.608936,6555.651993,-25304.97546,4034.693149
2835,-12.177097,25.136641,358.153033,6624.791526,-25360.02595,4203.032314
2836,-13.003459,25.239884,358.912768,6714.731761,-25382.20025,4008.419364
2837,-12.35876,26.266957,359.543078,6744.495184,-25431.40799,4192.052166
2838,-12.153027,26.503501,359.904315,6807.727126,-25393.0129,4234.247931
2839,-12.920817,26.944586,360.707477,6847.539023,-25326.20974,4116.711367
2840,-12.094059,27.752331,360.93883,6945.647879,-25383.72233,4355.742591
2841,-12.358009,27.565938,361.747058,7037.71501,-25467.4041,4229.915239
2842,-12.620965,28.136742,362.015429,7082.124521,-25479.69376,4239.841125
2843,-11.806056,28.741219,362.603228,7136.541362,-25458.53478,4417.539321
2844,-12.612904,28.932568,362.062731,7225.548105,-25421.58675,4266.680729
2845,-12.289646,29.928181,362.646228,7240.855489,-25404.57935,4407.419634
2846,-12.016278,30.220997,362.468676,7288.095943,-25392.74731,4451.833914
2847,-12.601171,30.638258,362.868975,7326.745228,-25406.35822,4345.657055
2848,-12.0858,31.425591,362.649462,7406.362383,-25380.97871,4537.283598
2849,-12.16877,31.565754,362.829669,7497.491427,-25396.03389,4458.534422
2850,-12.491261,32.136276,362.827288,7519.700435,-25275.34617,4448.050013
2851,-11.974931,33.117356,362.649554,7534.433799,-25254.03418,4632.371249
2852,-12.563349,33.271614,362.241748,7545.394405,-25129.20997,4509.002635
2853,-12.486346,34.02013,361.345599,7610.091053,-25134.78429,4568.590255
2854,-12.223565,34.334923,361.436145,7626.718639,-25058.17022,4626.746512
2855,-12.595494,34.659313,360.896869,7720.587032,-25041.86751,4513.703827
2856,-12.227884,35.471924,360.762591,7710.866483,-25023.88058,4655.249317
2857,-12.48299,35.564991,360.40578,7809.458183,-24993.30921,4629.946322
2858,-12.647619,36.136127,359.953967,7827.056171,-24897.83592,4571.091535
2859,-12.29248,36.88961,359.640246,7801.912406,-24743.9027,4742.810615
2860,-12.663735,36.986408,358.876422,7859.913877,-24764.35305,4628.387164
2861,-12.404453,37.609402,358.02547,7928.80261,-24762.96768,4665.031235
2862,-12.064924,38.014866,357.266162,8016.51425,-24737.26388,4720.509064
2863,-12.607598,38.247288,356.591236,8061.968256,-24651.32424,4640.433292
2864,-12.392324,39.3111,356.095478,8044.240065,-24483.62346,4742.542445
2865,-12.293121,39.366928,355.064685,8073.489494,-24481.27067,4737.822931
2866,-12.596985,39.983345,354.119861,8111.113536,-24332.30434,4688.36424
2867,-12.211797,40.738422,352.729114,8103.995505,-24227.90298,4798.288406
2868,-12.491857,40.741253,351.69701,8149.558714,-24175.39034,4730.054202
2869,-12.45056,41.423145,350.709583,8198.23972,-24157.12584,4737.162217
2870,-12.146885,41.929134,349.094441,8190.765595,-24027.73554,4809.050945
2871,-12.621386,42.216053,348.372181,8166.432616,-23785.45043,4747.284071
2872,-12.420059,43.30331,346.979848,8172.047892,-23687.85516,4831.186292
2873,-12.379932,43.518425,345.543568,8180.490692,-23620.87692,4814.7867
2874,-12.685068,43.861251,343.791005,8180.578596,-23483.02247,4759.67698
2875,-12.29927,44.59449,342.671071,8217.629355,-23441.55085,4864.852863
2876,-12.545685,44.800254,341.188405,8212.386155,-23327.76946,4823.785718
2877,-12.529542,45.469638,339.706686,8242.855913,-23201.13922,4831.193283
2878,-12.296509,45.988429,337.91036,8222.492811,-23015.20765,4855.032553
2879,-12.554612,46.364814,336.695242,8201.393151,-22823.09389,4806.516307
2880,-12.36777,47.088119,334.362967,8238.274877,-22745.96093,4868.825041
2881,-12.15759,47.269191,332.792685,8267.896813,-22694.83748,4822.333775
2882,-12.129686,47.540775,331.131095,8256.042367,-22587.11522,4805.904791
2883,-11.896019,48.218456,329.200766,8246.113531,-22460.48838,4856.812144
2884,-11.972095,48.661079,327.491965,8204.934196,-22262.75793,4826.363746
2885,-12.015661,49.364936,325.020713,8178.110371,-22118.23187,4806.708454
2886,-11.815845,49.905166,322.910637,8135.935127,-21968.05715,4876.641926
2887,-11.883136,50.292041,320.663872,8119.679587,-21790.46291,4805.09976
2888,-11.6846,50.822623,318.644615,8131.235317,-21671.99214,4835.821095
2889,-11.578594,50.900188,316.446892,8157.094123,-21582.53881,4815.317972
2890,-11.893812,51.003143,314.602105,8057.850935,-21394.22352,4765.940069
2891,-12.471374,50.721164,313.072839,7984.684501,-21195.53986,4701.995601
2892,-11.085164,52.266315,310.916162,7935.443055,-20966.76661,4798.779938
2893,-11.369509,52.938258,308.308496,7884.969214,-20804.54798,4745.330599
2894,-11.571762,52.788932,305.749262,7825.686748,-20654.41591,4726.5121
2895,-10.55166,53.982898,302.785273,7749.541543,-20477.72215,4827.723055
2896,-10.895672,53.905906,299.595118,7688.624291,-20310.49373,4696.572379
2897,-10.549744,54.296386,296.498225,7622.710341,-20141.18264,4767.118664
2898,-9.921131,55.22219,293.260555,7482.533323,-19873.44947,4753.039038
2899,-10.311154,54.826804,290.11523,7405.103672,-19650.01589,4604.643515
2900,-9.47605,55.064502,286.214474,7378.427653,-19469.6029,4716.254037
2901,-9.078748,55.32381,282.889035,7298.636739,-19230.32813,4594.272007
2902,-8.990322,54.820785,278.714841,7230.477176,-19032.05756,4503.07904
2903,-8.097455,55.66048,275.167722,7118.640082,-18734.38494,4622.019471
2904,-8.011798,55.87767,271.435576,7014.970626,-18425.65647,4425.147456
2905,-7.669109,55.799861,267.57672,6931.630025,-18108.87606,4488.2878
2906,-6.862244,56.756214,262.725463,6801.80613,-17793.41372,4506.421975
2907,-6.76695,56.835319,258.052124,6688.405349,-17483.13752,4330.980898
2908,-6.162422,57.322124,253.294968,6572.382153,-17160.11444,4465.7483
2909,-5.357842,57.678875,248.490067,6487.354346,-16867.49171,4379.960795
2910,-5.227835,57.550308,243.728487,6366.240698,-16477.19556,4257.993329
2911,-4.577304,58.182182,238.520479,6170.155274,-16079.62039,4440.866849
2912,-4.233823,58.339325,233.081271,5987.686501,-15667.00232,4228.429996
2913,-3.977586,58.127132,227.65192,5926.415314,-15356.09981,4209.88919
2914,-3.534914,57.811005,222.669193,5775.217309,-15063.95894,4212.165794
2915,-3.372708,57.184509,217.63744,5630.56422,-14684.66978,3990.805897
2916,-2.486907,57.725636,211.758871,5516.748113,-14293.63818,4116.053385
2917,-2.094434,56.932999,206.058569,5374.74539,-13915.71749,4042.019309
2918,-2.012312,56.951603,200.215674,5142.08075,-13458.06082,3908.898985
2919,-1.080702,56.923958,194.428489,5029.159921,-13055.00529,4010.563795
2920,-0.965558,55.670567,188.456383,4860.666896,-12672.09385,3796.249618
2921,-0.482078,55.264065,182.667566,4769.374593,-12343.29474,3748.256545
2922,0.424024,54.226811,176.386667,4617.990873,-11927.11422,3729.407318
2923,0.160392,52.804085,170.282313,4515.602776,-11485.66505,3523.04127
2924,0.839642,52.38242,164.357509,4342.561187,-11087.01486,3530.176397
2925,1.140035,50.611146,158.255062,4163.447903,-10647.94098,3432.094789
2926,0.991614,49.368928,152.058698,3995.701116,-10187.94159,3245.863773
2927,1.863549,48.411054,145.688581,3856.354922,-9788.91954,3245.191844
2928,1.773317,46.360021,139.047743,3698.145275,-9427.712399,3077.607844
2929,1.83194,45.035127,133.125182,3603.869171,-8993.180713,2959.840839
2930,2.246662,43.739652,126.932572,3429.359642,-8540.381257,2908.2969
2931,1.834613,41.984003,120.244729,3255.983215,-7976.941732,2763.393147
2932,2.134051,41.08822,113.465845,3042.447394,-7580.107544,2695.032052
2933,2.25159,39.227476,107.318011,2855.443177,-7152.496902,2581.528066
2934,1.909185,37.632513,100.631702,2728.327518,-6773.100713,2433.547598
2935,2.311648,36.145754,94.802349,2677.262996,-6401.133546,2349.951972
2936,2.280096,34.126711,88.294759,2461.703019,-5977.954928,2221.353332
2937,1.9976,32.326376,82.776868,2367.426665,-5556.958771,2091.804844
2938,2.264464,30.976637,76.940718,2154.739197,-5106.554575,1992.477005
2939,1.890011,28.903164,70.795692,2050.013071,-4724.689955,1871.090591
2940,1.617806,27.18245,64.875473,1994.786889,-4355.240562,1748.165508
2941,1.968506,25.288771,60.164887,1846.634793,-4068.388016,1624.570877
2942,1.06939,23.059699,54.378782,1758.698612,-3697.968178,1490.684408
2943,1.420599,21.495641,50.072126,1641.217431,-3391.97252,1388.786168
2944,1.381272,19.603471,45.137743,1525.041514,-3050.724932,1270.459184
2945,0.851974,17.408336,40.787875,1451.536759,-2753.464663,1128.392366
2946,1.185584,15.776663,37.737659,1322.193517,-2520.270185,1051.648435
2947,0.748868,13.537749,34.017013,1291.891783,-2306.482673,877.053457
2948,0.409032,11.377015,31.237221,1196.636643,-2134.028509,757.076751
2949,0.811123,9.678185,28.45978,1163.790313,-1998.318869,668.535253
2950,0.277969,7.385049,26.666367,1095.0876,-1834.25705,480.016901
2951,0.316618,5.425852,24.606025,1034.565877,-1615.038346,402.010689
2952,0.492577,4.195819,22.723094,988.007814,-1486.392867,312.155737
2953,-0.362732,-2.217164,20.801685,884.013528,-1384.040539,-197.939216
2954,0.003342,-0.226798,19.681407,923.928482,-1323.456961,103.12236
2955,0.810986,1.965643,19.26918,880.89746,-1294.813085,94.973132
2956,-0.49898,-3.56085,16.89784,761.054736,-1267.219828,-283.670091
2957,-0.105569,1.18554,16.175631,757.381777,-1087.831979,304.94646
2958,0.876733,0.579461,15.585416,724.877521,-1071.395313,-137.971563
2959,-0.930121,-2.317373,13.661705,638.252113,-878.75892,-113.11661
2960,0.297818,2.520168,13.251862,610.176258,-865.120746,377.19534
2961,0.771989,-0.441892,11.768085,609.652811,-959.994427,-330.500542
2962,-0.725815,-0.894074,11.284658,620.296042,-906.128897,142.392404
2963,0.917098,2.233857,10.826954,549.594497,-812.982571,256.197457
2964,0.331916,-1.282314,9.926359,515.046433,-799.018086,-399.6477
2965,0,0,0,0,0,0
2966,0,0,0,0,0,0
2967,0,0,0,0,0,0
2968,0,0,0,0,0,0
2969,0,0,0,0,0,0
2970,0,0,0,0,0,0
2971,0,0,0,0,0,0
2972,0,0,0,0,0,0
2973,0,0,0,0,0,0
2974,0,0,0,0,0,0
2975,0,0,0,0,0,0
2976,0,0,0,0,0,0
2977,0,0,0,0,0,0
2978,0,0,0,0,0,0
2979,0,0,0,0,0,0
2980,0,0,0,0,0,0
2981,0,0,0,0,0,0
2982,0,0,0,0,0,0
2983,0,0,0,0,0,0
2984,0,0,0,0,0,0
2985,0,0,0,0,0,0
2986,0,0,0,0,0,0
2987,0,0,0,0,0,0
2988,0,0,0,0,0,0
2989,0,0,0,0,0,0
2990,0,0,0,0,0,0
2991,0,0,0,0,0,0
2992,0,0,0,0,0,0
2993,0,0,0,0,0,0
2994,0,0,0,0,0,0
2995,0,0,0,0,0,0
2996,0,0,0,0,0,0
2997,0,0,0,0,0,0
2998,0,0,0,0,0,0
2999,0,0,0,0,0,0
3000,0,0,0,0,0,0
3001,0,0,0,0,0,0
3002,0,0,0,0,0,0
3003,0,0,0,0,0,0
3004,0,0,0,0,0,0
3005,0,0,0,0,0,0
3006,0,0,0,0,0,0
3007,0,0,0,0,0,0
3008,0,0,0,0,0,0
3009,0,0,0,0,0,0
3010,0,0,0,0,0,0
3011,0,0,0,0,0,0
3012,0,0,0,0,0,0
3013,0,0,0,0,0,0
3014,0,0,0,0,0,0
3015,0,0,0,0,0,0
3016,0,0,0,0,0,0
3017,0,0,0,0,0,0
3018,0,0,0,0,0,0
3019,0,0,0,0,0,0
3020,0,0,0,0,0,0
3021,0,0,0,0,0,0
3022,0,0,0,0,0,0
3023,0,0,0,0,0,0
3024,0,0,0,0,0,0
3025,0,0,0,0,0,0
3026,0,0,0,0,0,0
3027,0,0,0,0,0,0
3028,0,0,0,0,0,0
3029,0,0,0,0,0,0
3030,0,0,0,0,0,0
3031,0,0,0,0,0,0
3032,0,0,0,0,0,0
3033,0,0,0,0,0,0
3034,0,0,0,0,0,0
3035,0,0,0,0,0,0
3036,0,0,0,0,0,0
3037,0,0,0,0,0,0
3038,0,0,0,0,0,0
3039,0,0,0,0,0,0
3040,0,0,0,0,0,0
3041,0,0,0,0,0,0
3042,0,0,0,0,0,0
3043,0,0,0,0,0,0
3044,0,0,0,0,0,0
3045,0,0,0,0,0,0
3046,0,0,0,0,0,0
3047,0,0,0,0,0,0
3048,0,0,0,0,0,0
3049,0,0,0,0,0,0
3050,0,0,0,0,0,0
3051,0,0,0,0,0,0
3052,0,0,0,0,0,0
3053,0,0,0,0,0,0
3054,0,0,0,0,0,0
3055,0,0,0,0,0,0
3056,0,0,0,0,0,0
3057,0,0,0,0,0,0
3058,0,0,0,0,0,0
3059,0,0,0,0,0,0
3060,0,0,0,0,0,0
3061,0,0,0,0,0,0
3062,0,0,0,0,0,0
3063,0,0,0,0,0,0
3064,0,0,0,0,0,0
3065,0,0,0,0,0,0
3066,0,0,0,0,0,0
3067,0,0,0,0,0,0
3068,0,0,0,0,0,0
3069,0,0,0,0,0,0
3070,0,0,0,0,0,0
3071,0,0,0,0,0,0
3072,0,0,0,0,0,0
3073,0,0,0,0,0,0
3074,0,0,0,0,0,0
3075,0,0,0,0,0,0
3076,0,0,0,0,0,0
3077,0,0,0,0,0,0
3078,0,0,0,0,0,0
3079,0,0,0,0,0,0
3080,0,0,0,0,0,0
3081,0,0,0,0,0,0
3082,0,0,0,0,0,0
3083,0,0,0,0,0,0
3084,0,0,0,0,0,0
3085,0,0,0,0,0,0
3086,0,0,0,0,0,0
3087,0,0,0,0,0,0
3088,0,0,0,0,0,0
3089,0,0,0,0,0,0
3090,0,0,0,0,0,0
3091,0,0,0,0,0,0
3092,0,0,0,0,0,0
3093,0,0,0,0,0,0
3094,0,0,0,0,0,0
3095,0,0,0,0,0,0
3096,0,0,0,0,0,0
3097,0,0,0,0,0,0
3098,0,0,0,0,0,0
3099,0,0,0,0,0,0
3100,0,0,0,0,0,0
3101,0,0,0,0,0,0
3102,0,0,0,0,0,0
3103,0,0,0,0,0,0
3104,0,0,0,0,0,0
3105,0,0,0,0,0,0
3106,0,0,0,0,0,0
3107,0,0,0,0,0,0
3108,0,0,0,0,0,0
3109,0,0,0,0,0,0
3110,0,0,0,0,0,0
3111,0,0,0,0,0,0
3112,0,0,0,0,0,0
3113,0,0,0,0,0,0
3114,0,0,0,0,0,0
3115,0,0,0,0,0,0
3116,0,0,0,0,0,0
3117,0,0,0,0,0,0
3118,0,0,0,0,0,0
3119,0,0,0,0,0,0
3120,0,0,0,0,0,0
3121,0,0,0,0,0,0
3122,0,0,0,0,0,0
3123,0,0,0,0,0,0
3124,0,0,0,0,0,0
3125,0,0,0,0,0,0
3126,0,0,0,0,0,0
3127,0,0,0,0,0,0
3128,0,0,0,0,0,0
3129,0,0,0,0,0,0
3130,0,0,0,0,0,0
3131,0,0,0,0,0,0
3132,0,0,0,0,0,0
3133,0,0,0,0,0,0
3134,0,0,0,0,0,0
3135,0,0,0,0,0,0
3136,0,0,0,0,0,0
3137,0,0,0,0,0,0
3138,0,0,0,0,0,0
3139,0,0,0,0,0,0
3140,0,0,0,0,0,0
3141,0,0,0,0,0,0
3142,0,0,0,0,0,0
3143,0,0,0,0,0,0
3144,0,0,0,0,0,0
3145,0,0,0,0,0,0
3146,0,0,0,0,0,0
3147,0,0,0,0,0,0
3148,0,0,0,0,0,0
3149,0,0,0,0,0,0
3150,0,0,0,0,0,0
3151,0,0,0,0,0,0
3152,0,0,0,0,0,0
3153,0,0,0,0,0,0
3154,0,0,0,0,0,0
3155,0,0,0,0,0,0
3156,0,0,0,0,0,0
3157,0,0,0,0,0,0
3158,0,0,0,0,0,0
3159,0,0,0,0,0,0
3160,0,0,0,0,0,0
3161,0,0,0,0,0,0
3162,0,0,0,0,0,0
3163,0,0,0,0,0,0
3164,0,0,0,0,0,0
3165,0,0,0,0,0,0
3166,0,0,0,0,0,0
3167,0,0,0,0,0,0
3168,0,0,0,0,0,0
3169,0,0,0,0,0,0
3170,0,0,0,0,0,0
3171,0,0,0,0,0,0
3172,0,0,0,0,0,0
3173,0,0,0,0,0,0
3174,0,0,0,0,0,0
3175,0,0,0,0,0,0
3176,0,0,0,0,0,0
3177,0,0,0,0,0,0
3178,0,0,0,0,0,0
3179,0,0,0,0,0,0
3180,0,0,0,0,0,0
3181,0,0,0,0,0,0
3182,0,0,0,0,0,0
3183,0,0,0,0,0,0
3184,0,0,0,0,0,0
3185,0,0,0,0,0,0
3186,0,0,0,0,0,0
3187,0,0,0,0,0,0
3188,0,0,0,0,0,0
3189,0,0,0,0,0,0
3190,0,0,0,0,0,0
3191,0,0,0,0,0,0
3192,0,0,0,0,0,0
3193,0,0,0,0,0,0
3194,0,0,0,0,0,0
3195,0,0,0,0,0,0
3196,0,0,0,0,0,0
3197,0,0,0,0,0,0
3198,0,0,0,0,0,0
3199,0,0,0,0,0,0
3200,0,0,0,0,0,0
3201,0,0,0,0,0,0
3202,0,0,0,0,0,0
3203,0,0,0,0,0,0
3204,0,0,0,0,0,0
3205,0,0,0,0,0,0
3206,0,0,0,0,0,0
3207,0,0,0,0,0,0
3208,0,0,0,0,0,0
3209,0,0,0,0,0,0
3210,0,0,0,0,0,0
3211,0,0,0,0,0,0
3212,0,0,0,0,0,0
3213,0,0,0,0,0,0
3214,0,0,0,0,0,0
3215,0,0,0,0,0,0
3216,0,0,0,0,0,0
3217,0,0,0,0,0,0
3218,0,0,0,0,0,0
3219,0,0,0,0,0,0
3220,0,0,0,0,0,0
3221,0,0,0,0,0,0
3222,0,0,0,0,0,0
3223,0,0,0,0,0,0
3224,0,0,0,0,0,0
3225,0,0,0,0,0,0
3226,0,0,0,0,0,0
3227,0,0,0,0,0,0
3228,0,0,0,0,0,0
3229,0,0,0,0,0,0
3230,0,0,0,0,0,0
3231,0,0,0,0,0,0
3232,0,0,0,0,0,0
3233,0,0,0,0,0,0
3234,0,0,0,0,0,0
3235,0,0,0,0,0,0
3236,0,0,0,0,0,0
3237,0,0,0,0,0,0
3238,0,0,0,0,0,0
3239,0,0,0,0,0,0
3240,0,0,0,0,0,0
3241,0,0,0,0,0,0
3242,0,0,0,0,0,0
3243,0,0,0,0,0,0
3244,0,0,0,0,0,0
3245,0,0,0,0,0,0
3246,0,0,0,0,0,0
3247,0,0,0,0,0,0
3248,0,0,0,0,0,0
3249,0,0,0,0,0,0
3250,0,0,0,0,0,0
3251,0,0,0,0,0,0
3252,0,0,0,0,0,0
3253,0,0,0,0,0,0
3254,0,0,0,0,0,0
3255,0,0,0,0,0,0
3256,0,0,0,0,0,0
3257,0,0,0,0,0,0
3258,0,0,0,0,0,0
3259,0,0,0,0,0,0
3260,0,0,0,0,0,0
3261,0,0,0,0,0,0
3262,0,0,0,0,0,0
3263,0,0,0,0,0,0
3264,0,0,0,0,0,0
3265,0,0,0,0,0,0
3266,0,0,0,0,0,0
3267,0,0,0,0,0,0
3268,0,0,0,0,0,0
3269,0,0,0,0,0,0
3270,0,0,0,0,0,0
3271,0,0,0,0,0,0
3272,0,0,0,0,0,0
3273,0,0,0,0,0,0
3274,0,0,0,0,0,0
3275,0,0,0,0,0,0
3276,0,0,0,0,0,0
3277,0,0,0,0,0,0
3278,0,0,0,0,0,0
3279,0,0,0,0,0,0
3280,0,0,0,0,0,0
3281,0,0,0,0,0,0
3282,0,0,0,0,0,0
3283,0,0,0,0,0,0
3284,0,0,0,0,0,0
3285,0,0,0,0,0,0
3286,0,0,0,0,0,0
3287,0,0,0,0,0,0
3288,0,0,0,0,0,0
3289,0,0,0,0,0,0
3290,0,0,0,0,0,0
3291,0,0,0,0,0,0
3292,0,0,0,0,0,0
3293,0,0,0,0,0,0
3294,0,0,0,0,0,0
3295,0,0,0,0,0,0
3296,0,0,0,0,0,0
3297,0,0,0,0,0,0
3298,0,0,0,0,0,0
3299,0,0,0,0,0,0
3300,0,0,0,0,0,0
3301,0,0,0,0,0,0
3302,0,0,0,0,0,0
3303,0,0,0,0,0,0
3304,0,0,0,0,0,0
3305,0,0,0,0,0,0
3306,0,0,0,0,0,0
3307,0,0,0,0,0,0
3308,0,0,0,0,0,0
3309,0,0,0,0,0,0
3310,0,0,0,0,0,0
3311,0,0,0,0,0,0
3312,0,0,0,0,0,0
3313,0,0,0,0,0,0
3314,0,0,0,0,0,0
3315,0,0,0,0,0,0
3316,0,0,0,0,0,0
3317,0,0,0,0,0,0
3318,0,0,0,0,0,0
3319,0,0,0,0,0,0
3320,0,0,0,0,0,0
3321,0,0,0,0,0,0
3322,0,0,0,0,0,0
3323,0,0,0,0,0,0
3324,0,0,0,0,0,0
3325,0,0,0,0,0,0
3326,0,0,0,0,0,0
3327,0,0,0,0,0,0
3328,0,0,0,0,0,0
3329,0,0,0,0,0,0
3330,0,0,0,0,0,0
3331,0,0,0,0,0,0
3332,0,0,0,0,0,0
3333,0,0,0,0,0,0
3334,0,0,0,0,0,0
3335,0,0,0,0,0,0
3336,0,0,0,0,0,0
3337,0,0,0,0,0,0
3338,0,0,0,0,0,0
3339,0,0,0,0,0,0
3340,0,0,0,0,0,0
3341,0,0,0,0,0,0
3342,0,0,0,0,0,0
3343,0,0,0,0,0,0
3344,0,0,0,0,0,0
3345,0,0,0,0,0,0
3346,0,0,0,0,0,0
3347,0,0,0,0,0,0
3348,0,0,0,0,0,0
3349,0,0,0,0,0,0
3350,0,0,0,0,0,0
3351,0,0,0,0,0,0
3352,0,0,0,0,0,0
3353,0,0,0,0,0,0
3354,0,0,0,0,0,0
3355,0,0,0,0,0,0
3356,0,0,0,0,0,0
3357,0,0,0,0,0,0
3358,0,0,0,0,0,0
3359,0,0,0,0,0,0
3360,0,0,0,0,0,0
3361,0,0,0,0,0,0
3362,0,0,0,0,0,0
3363,0,0,0,0,0,0
3364,0,0,0,0,0,0
3365,0,0,0,0,0,0
3366,0,0,0,0,0,0
3367,0,0,0,0,0,0
3368,0,0,0,0,0,0
3369,0,0,0,0,0,0
3370,0,0,0,0,0,0
3371,0,0,0,0,0,0
3372,0,0,0,0,0,0
3373,0,0,0,0,0,0
3374,0,0,0,0,0,0
3375,0,0,0,0,0,0
3376,0,0,0,0,0,0
3377,0,0,0,0,0,0
3378,0,0,0,0,0,0
3379,0,0,0,0,0,0
3380,0,0,0,0,0,0
3381,0,0,0,0,0,0
3382,0,0,0,0,0,0
3383,0,0,0,0,0,0
3384,0,0,0,0,0,0
3385,0,0,0,0,0,0
3386,0,0,0,0,0,0
3387,0,0,0,0,0,0
3388,0,0,0,0,0,0
3389,0,0,0,0,0,0
3390,0,0,0,0,0,0
3391,0,0,0,0,0,0
3392,0,0,0,0,0,0
3393,0,0,0,0,0,0
3394,0,0,0,0,0,0
3395,0,0,0,0,0,0
3396,0,0,0,0,0,0
3397,0,0,0,0,0,0
3398,0,0,0,0,0,0
3399,0,0,0,0,0,0
3400,0,0,0,0,0,0
3401,0,0,0,0,0,0
3402,0,0,0,0,0,0
3403,0,0,0,0,0,0
3404,0,0,0,0,0,0
3405,0,0,0,0,0,0
3406,0,0,0,0,0,0
3407,0,0,0,0,0,0
3408,0,0,0,0,0,0
3409,0,0,0,0,0,0
3410,0,0,0,0,0,0
3411,0,0,0,0,0,0
3412,0,0,0,0,0,0
3413,0,0,0,0,0,0
3414,0,0,0,0,0,0
3415,0,0,0,0,0,0
3416,0,0,0,0,0,0
3417,0,0,0,0,0,0
3418,0,0,0,0,0,0
3419,0,0,0,0,0,0
3420,0,0,0,0,0,0
3421,0,0,0,0,0,0
3422,0,0,0,0,0,0
3423,0,0,0,0,0,0
3424,0,0,0,0,0,0
3425,0,0,0,0,0,0
3426,0,0,0,0,0,0
3427,0,0,0,0,0,0
3428,0,0,0,0,0,0
3429,0,0,0,0,0,0
3430,0,0,0,0,0,0
3431,0,0,0,0,0,0
3432,0,0,0,0,0,0
3433,0,0,0,0,0,0
3434,0,0,0,0,0,0
3435,0,0,0,0,0,0
3436,0,0,0,0,0,0
3437,0,0,0,0,0,0
3438,0,0,0,0,0,0
3439,0,0,0,0,0,0
3440,0,0,0,0,0,0
3441,0,0,0,0,0,0
3442,0,0,0,0,0,0
3443,0,0,0,0,0,0
3444,0,0,0,0,0,0
3445,0,0,0,0,0,0
3446,0,0,0,0,0,0
3447,0,0,0,0,0,0
3448,0,0,0,0,0,0
3449,0,0,0,0,0,0
3450,0,0,0,0,0,0
3451,0,0,0,0,0,0
3452,0,0,0,0,0,0
3453,0,0,0,0,0,0
3454,0,0,0,0,0,0
3455,0,0,0,0,0,0
3456,0,0,0,0,0,0
3457,0,0,0,0,0,0
3458,0,0,0,0,0,0
3459,0,0,0,0,0,0
3460,0,0,0,0,0,0
3461,0,0,0,0,0,0
3462,0,0,0,0,0,0
3463,0,0,0,0,0,0
3464,0,0,0,0,0,0
3465,0,0,0,0,0,0
3466,0,0,0,0,0,0
3467,0,0,0,0,0,0
3468,0,0,0,0,0,0
3469,0,0,0,0,0,0
3470,0,0,0,0,0,0
3471,0,0,0,0,0,0
3472,0,0,0,0,0,0
3473,0,0,0,0,0,0
3474,0,0,0,0,0,0
3475,0,0,0,0,0,0
3476,0,0,0,0,0,0
3477,0,0,0,0,0,0
3478,0,0,0,0,0,0
3479,0,0,0,0,0,0
3480,0,0,0,0,0,0
3481,0,0,0,0,0,0
3482,0,0,0,0,0,0
3483,0,0,0,0,0,0
3484,0,0,0,0,0,0
3485,0,0,0,0,0,0
3486,0,0,0,0,0,0
3487,0,0,0,0,0,0
3488,0,0,0,0,0,0
3489,0,0,0,0,0,0
3490,0,0,0,0,0,0
3491,0,0,0,0,0,0
3492,0,0,0,0,0,0
3493,0,0,0,0,0,0
3494,0,0,0,0,0,0
3495,0,0,0,0,0,0
3496,0,0,0,0,0,0
3497,0,0,0,0,0,0
3498,0,0,0,0,0,0
3499,0,0,0,0,0,0
3500,0,0,0,0,0,0
3501,0,0,0,0,0,0
3502,0,0,0,0,0,0
3503,0,0,0,0,0,0
3504,0,0,0,0,0,0
3505,0,0,0,0,0,0
3506,0,0,0,0,0,0
3507,0,0,0,0,0,0
3508,0,0,0,0,0,0
3509,0,0,0,0,0,0
3510,0,0,0,0,0,0
3511,0,0,0,0,0,0
3512,0,0,0,0,0,0
3513,0,0,0,0,0,0
3514,0,0,0,0,0,0
3515,0,0,0,0,0,0
3516,0,0,0,0,0,0
3517,0,0,0,0,0,0
3518,0,0,0,0,0,0
3519,0,0,0,0,0,0
3520,0,0,0,0,0,0
3521,0,0,0,0,0,0
3522,0,0,0,0,0,0
3523,0,0,0,0,0,0
3524,0,0,0,0,0,0
3525,0,0,0,0,0,0
3526,0,0,0,0,0,0
3527,0,0,0,0,0,0
3528,0,0,0,0,0,0
3529,0,0,0,0,0,0
3530,0,0,0,0,0,0
3531,0,0,0,0,0,0
3532,0,0,0,0,0,0
3533,0,0,0,0,0,0
3534,0,0,0,0,0,0
3535,0,0,0,0,0,0
3536,0,0,0,0,0,0
3537,0,0,0,0,0,0
3538,0,0,0,0,0,0
3539,0,0,0,0,0,0
3540,0,0,0,0,0,0
3541,0,0,0,0,0,0
3542,0,0,0,0,0,0
3543,0,0,0,0,0,0
3544,0,0,0,0,0,0
3545,0,0,0,0,0,0
3546,0,0,0,0,0,0
3547,0,0,0,0,0,0
3548,0,0,0,0,0,0
3549,0,0,0,0,0,0
3550,0,0,0,0,0,0
3551,0,0,0,0,0,0
3552,0,0,0,0,0,0
3553,0,0,0,0,0,0
3554,0,0,0,0,0,0
3555,0,0,0,0,0,0
3556,0,0,0,0,0,0
3557,0,0,0,0,0,0
3558,0,0,0,0,0,0
3559,0,0,0,0,0,0
3560,0,0,0,0,0,0
3561,0,0,0,0,0,0
3562,0,0,0,0,0,0
3563,0,0,0,0,0,0
3564,0,0,0,0,0,0
3565,0,0,0,0,0,0
3566,0,0,0,0,0,0
3567,0,0,0,0,0,0
3568,0,0,0,0,0,0
3569,0,0,0,0,0,0
3570,0,0,0,0,0,0
3571,0,0,0,0,0,0
3572,0,0,0,0,0,0
3573,0,0,0,0,0,0
3574,0,0,0,0,0,0
3575,0,0,0,0,0,0
3576,0,0,0,0,0,0
3577,0,0,0,0,0,0
3578,0,0,0,0,0,0
3579,0,0,0,0,0,0
3580,0,0,0,0,0,0
3581,0,0,0,0,0,0
3582,0,0,0,0,0,0
3583,0,0,0,0,0,0
3584,0,0,0,0,0,0
3585,0,0,0,0,0,0
3586,0,0,0,0,0,0
3587,0,0,0,0,0,0
3588,0,0,0,0,0,0
3589,0,0,0,0,0,0
3590,0,0,0,0,0,0
3591,0,0,0,0,0,0
3592,0,0,0,0,0,0
3593,0,0,0,0,0,0
3594,0,0,0,0,0,0
3595,0,0,0,0,0,0
3596,0,0,0,0,0,0
3597,0,0,0,0,0,0
3598,0,0,0,0,0,0
3599,0,0,0,0,0,0
3600,0,0,0,0,0,0
3601,0,0,0,0,0,0
3602,0,0,0,0,0,0
3603,0,0,0,0,0,0
3604,0,0,0,0,0,0
3605,0,0,0,0,0,0
3606,0,0,0,0,0,0
3607,0,0,0,0,0,0
3608,0,0,0,0,0,0
3609,0,0,0,0,0,0
3610,0,0,0,0,0,0
3611,0,0,0,0,0,0
3612,0,0,0,0,0,0
3613,0,0,0,0,0,0
3614,0,0,0,0,0,0
3615,0,0,0,0,0,0
3616,0,0,0,0,0,0
3617,0,0,0,0,0,0
3618,0,0,0,0,0,0
3619,0,0,0,0,0,0
3620,0,0,0,0,0,0
3621,0,0,0,0,0,0
3622,0,0,0,0,0,0
3623,0,0,0,0,0,0
3624,0,0,0,0,0,0
3625,0,0,0,0,0,0
3626,0,0,0,0,0,0
3627,0,0,0,0,0,0
3628,0,0,0,0,0,0
3629,0,0,0,0,0,0
3630,0,0,0,0,0,0
3631,0,0,0,0,0,0
3632,0,0,0,0,0,0
3633,0,0,0,0,0,0
3634,0,0,0,0,0,0
3635,0,0,0,0,0,0
3636,0,0,0,0,0,0
3637,0,0,0,0,0,0
3638,0,0,0,0,0,0
3639,0,0,0,0,0,0
3640,0,0,0,0,0,0
3641,0,0,0,0,0,0
3642,0,0,0,0,0,0
3643,0,0,0,0,0,0
3644,0,0,0,0,0,0
3645,0,0,0,0,0,0
3646,0,0,0,0,0,0
3647,0,0,0,0,0,0
3648,0,0,0,0,0,0
3649,0,0,0,0,0,0
3650,0,0,0,0,0,0
3651,0,0,0,0,0,0
3652,0,0,0,0,0,0
3653,0,0,0,0,0,0
3654,0,0,0,0,0,0
3655,0,0,0,0,0,0
3656,0,0,0,0,0,0
3657,0,0,0,0,0,0
3658,0,0,0,0,0,0
3659,0,0,0,0,0,0
3660,0,0,0,0,0,0
3661,0,0,0,0,0,0
3662,0,0,0,0,0,0
3663,0,0,0,0,0,0
3664,0,0,0,0,0,0
3665,0,0,0,0,0,0
3666,0,0,0,0,0,0
3667,0,0,0,0,0,0
3668,0,0,0,0,0,0
3669,0,0,0,0,0,0
3670,0,0,0,0,0,0
3671,0,0,0,0,0,0
3672,0,0,0,0,0,0
3673,0,0,0,0,0,0
3674,0,0,0,0,0,0
3675,0,0,0,0,0,0
3676,0,0,0,0,0,0
3677,0,0,0,0,0,0
3678,0,0,0,0,0,0
3679,0,0,0,0,0,0
3680,0,0,0,0,0,0
3681,0,0,0,0,0,0
3682,0,0,0,0,0,0
3683,0,0,0,0,0,0
3684,0,0,0,0,0,0
3685,0,0,0,0,0,0
3686,0,0,0,0,0,0
3687,0,0,0,0,0,0
3688,0,0,0,0,0,0
3689,0,0,0,0,0,0
3690,0,0,0,0,0,0
3691,0,0,0,0,0,0
3692,0,0,0,0,0,0
3693,0,0,0,0,0,0
3694,0,0,0,0,0,0
3695,0,0,0,0,0,0
3696,0,0,0,0,0,0
3697,0,0,0,0,0,0
3698,0,0,0,0,0,0
3699,0,0,0,0,0,0
3700,0,0,0,0,0,0
3701,0,0,0,0,0,0
3702,0,0,0,0,0,0
3703,0,0,0,0,0,0
3704,0,0,0,0,0,0
3705,0,0,0,0,0,0
3706,0,0,0,0,0,0
3707,0,0,0,0,0,0
3708,0,0,0,0,0,0
3709,0,0,0,0,0,0
3710,0,0,0,0,0,0
3711,0,0,0,0,0,0
3712,0,0,0,0,0,0
3713,0,0,0,0,0,0
3714,0,0,0,0,0,0
3715,0,0,0,0,0,0
3716,0,0,0,0,0,0
3717,0,0,0,0,0,0
3718,0,0,0,0,0,0
3719,0,0,0,0,0,0
3720,0,0,0,0,0,0
3721,0,0,0,0,0,0
3722,0,0,0,0,0,0
3723,0,0,0,0,0,0
3724,0,0,0,0,0,0
3725,0,0,0,0,0,0
3726,0,0,0,0,0,0
3727,0,0,0,0,0,0
3728,0,0,0,0,0,0
3729,0,0,0,0,0,0
3730,0,0,0,0,0,0
3731,0,0,0,0,0,0
3732,0,0,0,0,0,0
3733,0,0,0,0,0,0
3734,0,0,0,0,0,0
3735,0,0,0,0,0,0
3736,0,0,0,0,0,0
3737,0,0,0,0,0,0
3738,0,0,0,0,0,0
3739,0,0,0,0,0,0
3740,0,0,0,0,0,0
3741,0,0,0,0,0,0
3742,0,0,0,0,0,0
3743,0,0,0,0,0,0
3744,0,0,0,0,0,0
3745,0,0,0,0,0,0
3746,0,0,0,0,0,0
3747,0,0,0,0,0,0
3748,0,0,0,0,0,0
3749,0,0,0,0,0,0
3750,0,0,0,0,0,0
3751,0,0,0,0,0,0
3752,0,0,0,0,0,0
3753,0,0,0,0,0,0
3754,0,0,0,0,0,0
3755,0,0,0,0,0,0
3756,0,0,0,0,0,0
3757,0,0,0,0,0,0
3758,0,0,0,0,0,0
3759,0,0,0,0,0,0
3760,0,0,0,0,0,0
3761,0,0,0,0,0,0
3762,0,0,0,0,0,0
3763,0,0,0,0,0,0
3764,0,0,0,0,0,0
3765,0,0,0,0,0,0
3766,0,0,0,0,0,0
3767,0,0,0,0,0,0
3768,0,0,0,0,0,0
3769,0,0,0,0,0,0
3770,0,0,0,0,0,0
3771,0,0,0,0,0,0
3772,0,0,0,0,0,0
3773,0,0,0,0,0,0
3774,0,0,0,0,0,0
3775,0,0,0,0,0,0
3776,0,0,0,0,0,0
3777,0,0,0,0,0,0
3778,0,0,0,0,0,0
3779,0,0,0,0,0,0
3780,0,0,0,0,0,0
3781,0,0,0,0,0,0
3782,0,0,0,0,0,0
3783,0,0,0,0,0,0
3784,0,0,0,0,0,0
3785,0,0,0,0,0,0
3786,0,0,0,0,0,0
3787,0,0,0,0,0,0
3788,0,0,0,0,0,0
3789,0,0,0,0,0,0
3790,0,0,0,0,0,0
3791,0,0,0,0,0,0
3792,0,0,0,0,0,0
3793,0,0,0,0,0,0
3794,0,0,0,0,0,0
3795,0,0,0,0,0,0
3796,0,0,0,0,0,0
3797,0,0,0,0,0,0
3798,0,0,0,0,0,0
3799,0,0,0,0,0,0
3800,0,0,0,0,0,0
3801,0,0,0,0,0,0
3802,0,0,0,0,0,0
3803,0,0,0,0,0,0
3804,0,0,0,0,0,0
3805,0,0,0,0,0,0
3806,0,0,0,0,0,0
3807,0,0,0,0,0,0
3808,0,0,0,0,0,0
3809,0,0,0,0,0,0
3810,0,0,0,0,0,0
3811,0,0,0,0,0,0
3812,0,0,0,0,0,0
3813,0,0,0,0,0,0
3814,0,0,0,0,0,0
3815,0,0,0,0,0,0
3816,0,0,0,0,0,0
3817,0,0,0,0,0,0
3818,0,0,0,0,0,0
3819,0,0,0,0,0,0
3820,0,0,0,0,0,0
3821,0,0,0,0,0,0
3822,0,0,0,0,0,0
3823,0,0,0,0,0,0
3824,0,0,0,0,0,0
3825,0,0,0,0,0,0
3826,0,0,0,0,0,0
3827,0,0,0,0,0,0
3828,0,0,0,0,0,0
3829,0,0,0,0,0,0
3830,0,0,0,0,0,0
3831,0,0,0,0,0,0
3832,0,0,0,0,0,0
3833,0,0,0,0,0,0
3834,0,0,0,0,0,0
3835,0,0,0,0,0,0
3836,0,0,0,0,0,0
3837,0,0,0,0,0,0
3838,0,0,0,0,0,0
3839,0,0,0,0,0,0
3840,0,0,0,0,0,0
3841,0,0,0,0,0,0
3842,0,0,0,0,0,0
3843,0,0,0,0,0,0
3844,0,0,0,0,0,0
3845,0,0,0,0,0,0
3846,0,0,0,0,0,0
3847,0,0,0,0,0,0
3848,0,0,0,0,0,0
3849,0,0,0,0,0,0
3850,0,0,0,0,0,0
3851,0,0,0,0,0,0
3852,0,0,0,0,0,0
3853,0,0,0,0,0,0
3854,0,0,0,0,0,0
3855,0,0,0,0,0,0
3856,0,0,0,0,0,0
3857,0,0,0,0,0,0
3858,0,0,0,0,0,0
3859,0,0,0,0,0,0
3860,0,0,0,0,0,0
3861,0,0,0,0,0,0
3862,0,0,0,0,0,0
3863,0,0,0,0,0,0
3864,0,0,0,0,0,0
3865,0,0,0,0,0,0
3866,0,0,0,0,0,0
3867,0,0,0,0,0,0
3868,0,0,0,0,0,0
3869,0,0,0,0,0,0
3870,0,0,0,0,0,0
3871,0,0,0,0,0,0
3872,0,0,0,0,0,0
3873,0,0,0,0,0,0
3874,0,0,0,0,0,0
3875,0,0,0,0,0,0
3876,0,0,0,0,0,0
3877,0,0,0,0,0,0
3878,0,0,0,0,0,0
3879,0,0,0,0,0,0
3880,0,0,0,0,0,0
3881,0,0,0,0,0,0
3882,0,0,0,0,0,0
3883,0,0,0,0,0,0
3884,0,0,0,0,0,0
3885,0,0,0,0,0,0
3886,0,0,0,0,0,0
3887,0,0,0,0,0,0
3888,0,0,0,0,0,0
3889,0,0,0,0,0,0
3890,0,0,0,0,0,0
3891,0,0,0,0,0,0
3892,0,0,0,0,0,0
3893,0,0,0,0,0,0
3894,0,0,0,0,0,0
3895,0,0,0,0,0,0
3896,0,0,0,0,0,0
3897,0,0,0,0,0,0
3898,0,0,0,0,0,0
3899,0,0,0,0,0,0
3900,0,0,0,0,0,0
3901,0,0,0,0,0,0
3902,0,0,0,0,0,0
3903,0,0,0,0,0,0
3904,0,0,0,0,0,0
3905,0,0,0,0,0,0
3906,0,0,0,0,0,0
3907,0,0,0,0,0,0
3908,0,0,0,0,0,0
3909,0,0,0,0,0,0
3910,0,0,0,0,0,0
3911,0,0,0,0,0,0
3912,0,0,0,0,0,0
3913,0,0,0,0,0,0
3914,0,0,0,0,0,0
3915,0,0,0,0,0,0
3916,0,0,0,0,0,0
3917,0,0,0,0,0,0
3918,0,0,0,0,0,0
3919,0,0,0,0,0,0
3920,0,0,0,0,0,0
3921,0,0,0,0,0,0
3922,0,0,0,0,0,0
3923,0,0,0,0,0,0
3924,0,0,0,0,0,0
3925,0,0,0,0,0,0
3926,0,0,0,0,0,0
3927,0,0,0,0,0,0
3928,0,0,0,0,0,0
3929,0,0,0,0,0,0
3930,0,0,0,0,0,0
3931,0,0,0,0,0,0
3932,0,0,0,0,0,0
3933,0,0,0,0,0,0
3934,0,0,0,0,0,0
3935,0,0,0,0,0,0
3936,0,0,0,0,0,0
3937,0,0,0,0,0,0
3938,0,0,0,0,0,0
3939,0,0,0,0,0,0
3940,0,0,0,0,0,0
3941,0,0,0,0,0,0
3942,0,0,0,0,0,0
3943,0,0,0,0,0,0
3944,0,0,0,0,0,0
3945,0,0,0,0,0,0
3946,0,0,0,0,0,0
3947,0,0,0,0,0,0
3948,0,0,0,0,0,0
3949,0,0,0,0,0,0
3950,0,0,0,0,0,0
3951,0,0,0,0,0,0
3952,0,0,0,0,0,0
3953,0,0,0,0,0,0
3954,0,0,0,0,0,0
3955,0,0,0,0,0,0
3956,0,0,0,0,0,0
3957,0,0,0,0,0,0
3958,0,0,0,0,0,0
3959,0,0,0,0,0,0
3960,0,0,0,0,0,0
3961,0,0,0,0,0,0
3962,0,0,0,0,0,0
3963,0,0,0,0,0,0
3964,0,0,0,0,0,0
3965,0,0,0,0,0,0
3966,0,0,0,0,0,0
3967,0,0,0,0,0,0
3968,0,0,0,0,0,0
3969,0,0,0,0,0,0
3970,0,0,0,0,0,0
3971,0,0,0,0,0,0
3972,0,0,0,0,0,0
3973,0,0,0,0,0,0
3974,0,0,0,0,0,0
3975,0,0,0,0,0,0
3976,0,0,0,0,0,0
3977,0,0,0,0,0,0
3978,0,0,0,0,0,0
3979,0,0,0,0,0,0
3980,0,0,0,0,0,0
3981,0,0,0,0,0,0
3982,0,0,0,0,0,0
3983,0,0,0,0,0,0
3984,0,0,0,0,0,0
3985,0,0,0,0,0,0
3986,0,0,0,0,0,0
3987,0,0,0,0,0,0
3988,0,0,0,0,0,0
3989,0,0,0,0,0,0
3990,0,0,0,0,0,0
3991,0,0,0,0,0,0
3992,0,0,0,0,0,0
3993,0,0,0,0,0,0
3994,0,0,0,0,0,0
3995,0,0,0,0,0,0
3996,0,0,0,0,0,0
3997,0,0,0,0,0,0
3998,0,0,0,0,0,0
3999,0,0,0,0,0,0
4000,0,0,0,0,0,0
4001,0,0,0,0,0,0
4002,0,0,0,0,0,0
4003,0,0,0,0,0,0
4004,0,0,0,0,0,0
4005,0,0,0,0,0,0
4006,0,0,0,0,0,0
4007,0,0,0,0,0,0
4008,0,0,0,0,0,0
4009,0,0,0,0,0,0
4010,0,0,0,0,0,0
4011,0,0,0,0,0,0
4012,0,0,0,0,0,0
4013,0,0,0,0,0,0
4014,0,0,0,0,0,0
4015,0,0,0,0,0,0
4016,0,0,0,0,0,0
4017,0,0,0,0,0,0
4018,0,0,0,0,0,0
4019,0,0,0,0,0,0
4020,0,0,0,0,0,0
4021,0,0,0,0,0,0
4022,0,0,0,0,0,0
4023,0,0,0,0,0,0
4024,0,0,0,0,0,0
4025,0,0,0,0,0,0
4026,0,0,0,0,0,0
4027,0,0,0,0,0,0
4028,0,0,0,0,0,0
4029,0,0,0,0,0,0
4030,0,0,0,0,0,0
4031,0,0,0,0,0,0
4032,0,0,0,0,0,0
4033,0,0,0,0,0,0
4034,0,0,0,0,0,0
4035,0,0,0,0,0,0
4036,0,0,0,0,0,0
4037,0,0,0,0,0,0
4038,0,0,0,0,0,0
4039,0,0,0,0,0,0
4040,0,0,0,0,0,0
4041,0,0,0,0,0,0
4042,0,0,0,0,0,0
4043,0,0,0,0,0,0
4044,0,0,0,0,0,0
4045,0,0,0,0,0,0
4046,0,0,0,0,0,0
4047,0,0,0,0,0,0
4048,0,0,0,0,0,0
4049,0,0,0,0,0,0
4050,0,0,0,0,0,0
4051,0,0,0,0,0,0
4052,0,0,0,0,0,0
4053,0,0,0,0,0,0
4054,0,0,0,0,0,0
4055,0,0,0,0,0,0
4056,0,0,0,0,0,0
4057,0,0,0,0,0,0
4058,0,0,0,0,0,0
4059,0,0,0,0,0,0
4060,0,0,0,0,0,0
4061,0,0,0,0,0,0
4062,0,0,0,0,0,0
4063,0,0,0,0,0,0
4064,0,0,0,0,0,0
4065,0,0,0,0,0,0
4066,0,0,0,0,0,0
4067,0,0,0,0,0,0
4068,0,0,0,0,0,0
4069,0,0,0,0,0,0
4070,0,0,0,0,0,0
4071,0,0,0,0,0,0
4072,0,0,0,0,0,0
4073,0,0,0,0,0,0
4074,0,0,0,0,0,0
4075,0,0,0,0,0,0
4076,0,0,0,0,0,0
4077,0,0,0,0,0,0
4078,0,0,0,0,0,0
4079,0,0,0,0,0,0
4080,0,0,0,0,0,0
4081,0,0,0,0,0,0
4082,0,0,0,0,0,0
4083,0,0,0,0,0,0
4084,0,0,0,0,0,0
4085,0,0,0,0,0,0
4086,0,0,0,0,0,0
4087,0,0,0,0,0,0
4088,0,0,0,0,0,0
4089,0,0,0,0,0,0
4090,0,0,0,0,0,0
4091,0,0,0,0,0,0
4092,0,0,0,0,0,0
4093,0,0,0,0,0,0
4094,0,0,0,0,0,0
4095,0,0,0,0,0,0
4096,0,0,0,0,0,0
4097,0,0,0,0,0,0
4098,0,0,0,0,0,0
4099,0,0,0,0,0,0
4100,0,0,0,0,0,0
4101,0,0,0,0,0,0
4102,0,0,0,0,0,0
4103,0,0,0,0,0,0
4104,0,0,0,0,0,0
4105,0,0,0,0,0,0
4106,0,0,0,0,0,0
4107,0,0,0,0,0,0
4108,0,0,0,0,0,0
4109,0,0,0,0,0,0
4110,0,0,0,0,0,0
4111,0,0,0,0,0,0
4112,0,0,0,0,0,0
4113,0,0,0,0,0,0
4114,0,0,0,0,0,0
4115,0,0,0,0,0,0
4116,0,0,0,0,0,0
4117,0,0,0,0,0,0
4118,0,0,0,0,0,0
4119,0,0,0,0,0,0
4120,0,0,0,0,0,0
4121,0,0,0,0,0,0
4122,0,0,0,0,0,0
4123,0,0,0,0,0,0
4124,0,0,0,0,0,0
4125,0,0,0,0,0,0
4126,0,0,0,0,0,0
4127,0,0,0,0,0,0
4128,0,0,0,0,0,0
4129,0,0,0,0,0,0
4130,0,0,0,0,0,0
4131,0,0,0,0,0,0
4132,0,0,0,0,0,0
4133,0,0,0,0,0,0
4134,0,0,0,0,0,0
4135,0,0,0,0,0,0
4136,0,0,0,0,0,0
4137,0,0,0,0,0,0
4138,0,0,0,0,0,0
4139,0,0,0,0,0,0
4140,0,0,0,0,0,0
4141,0,0,0,0,0,0
4142,0,0,0,0,0,0
4143,0,0,0,0,0,0
4144,0,0,0,0,0,0
4145,0,0,0,0,0,0
4146,0,0,0,0,0,0
4147,0,0,0,0,0,0
4148,0,0,0,0,0,0
4149,0,0,0,0,0,0
4150,0,0,0,0,0,0
4151,0,0,0,0,0,0
4152,0,0,0,0,0,0
4153,0,0,0,0,0,0
4154,0,0,0,0,0,0
4155,0,0,0,0,0,0
4156,0,0,0,0,0,0
4157,0,0,0,0,0,0
4158,0,0,0,0,0,0
4159,0,0,0,0,0,0
4160,0,0,0,0,0,0
4161,0,0,0,0,0,0
4162,0,0,0,0,0,0
4163,0,0,0,0,0,0
4164,0,0,0,0,0,0
4165,0,0,0,0,0,0
4166,0,0,0,0,0,0
4167,0,0,0,0,0,0
4168,0,0,0,0,0,0
4169,0,0,0,0,0,0
4170,0,0,0,0,0,0
4171,0,0,0,0,0,0
4172,0,0,0,0,0,0
4173,0,0,0,0,0,0
4174,0,0,0,0,0,0
4175,0,0,0,0,0,0
4176,0,0,0,0,0,0
4177,0,0,0,0,0,0
4178,0,0,0,0,0,0
4179,0,0,0,0,0,0
4180,0,0,0,0,0,0
4181,0,0,0,0,0,0
4182,0,0,0,0,0,0
4183,0,0,0,0,0,0
4184,0,0,0,0,0,0
4185,0,0,0,0,0,0
4186,0,0,0,0,0,0
4187,0,0,0,0,0,0
4188,0,0,0,0,0,0
4189,0,0,0,0,0,0
4190,0,0,0,0,0,0
4191,0,0,0,0,0,0
4192,0,0,0,0,0,0
4193,0,0,0,0,0,0
4194,0,0,0,0,0,0
4195,0,0,0,0,0,0
4196,0,0,0,0,0,0
4197,0,0,0,0,0,0
4198,0,0,0,0,0,0
4199,0,0,0,0,0,0
4200,0,0,0,0,0,0
4201,0,0,0,0,0,0
4202,0,0,0,0,0,0
4203,0,0,0,0,0,0
4204,0,0,0,0,0,0
4205,0,0,0,0,0,0
4206,0,0,0,0,0,0
4207,0,0,0,0,0,0
4208,0,0,0,0,0,0
4209,0,0,0,0,0,0
4210,0,0,0,0,0,0
4211,0,0,0,0,0,0
4212,0,0,0,0,0,0
4213,0,0,0,0,0,0
4214,0,0,0,0,0,0
4215,0,0,0,0,0,0
4216,0,0,0,0,0,0
4217,0,0,0,0,0,0
4218,0,0,0,0,0,0
4219,0,0,0,0,0,0
4220,0,0,0,0,0,0
4221,0,0,0,0,0,0
4222,0,0,0,0,0,0
4223,0,0,0,0,0,0
4224,0,0,0,0,0,0
4225,0,0,0,0,0,0
4226,0,0,0,0,0,0
4227,0,0,0,0,0,0
4228,0,0,0,0,0,0
4229,0,0,0,0,0,0
4230,0,0,0,0,0,0
4231,0,0,0,0,0,0
4232,0,0,0,0,0,0
4233,0,0,0,0,0,0
4234,0,0,0,0,0,0
4235,0,0,0,0,0,0
4236,0,0,0,0,0,0
4237,0,0,0,0,0,0
4238,0,0,0,0,0,0
4239,0,0,0,0,0,0
4240,0,0,0,0,0,0
4241,0,0,0,0,0,0
4242,0,0,0,0,0,0
4243,0,0,0,0,0,0
4244,0,0,0,0,0,0
4245,0,0,0,0,0,0
4246,0,0,0,0,0,0
4247,0,0,0,0,0,0
4248,0,0,0,0,0,0
4249,0,0,0,0,0,0
4250,0,0,0,0,0,0
4251,0,0,0,0,0,0
4252,0,0,0,0,0,0
4253,0,0,0,0,0,0
4254,0,0,0,0,0,0
4255,0,0,0,0,0,0
4256,0,0,0,0,0,0
4257,0,0,0,0,0,0
4258,0,0,0,0,0,0
4259,0,0,0,0,0,0
4260,0,0,0,0,0,0
4261,0,0,0,0,0,0
4262,0,0,0,0,0,0
4263,0,0,0,0,0,0
4264,0,0,0,0,0,0
4265,0,0,0,0,0,0
4266,0,0,0,0,0,0
4267,0,0,0,0,0,0
4268,0,0,0,0,0,0
4269,0,0,0,0,0,0
4270,0,0,0,0,0,0
4271,0,0,0,0,0,0
4272,0,0,0,0,0,0
4273,0,0,0,0,0,0
4274,0,0,0,0,0,0
4275,0,0,0,0,0,0
4276,0,0,0,0,0,0
4277,0,0,0,0,0,0
4278,0,0,0,0,0,0
4279,0,0,0,0,0,0
4280,0,0,0,0,0,0
4281,0,0,0,0,0,0
4282,0,0,0,0,0,0
4283,0,0,0,0,0,0
4284,0,0,0,0,0,0
4285,0,0,0,0,0,0
4286,0,0,0,0,0,0
4287,0,0,0,0,0,0
4288,0,0,0,0,0,0
4289,0,0,0,0,0,0
4290,0,0,0,0,0,0
4291,0,0,0,0,0,0
4292,0,0,0,0,0,0
4293,0,0,0,0,0,0
4294,0,0,0,0,0,0
4295,0,0,0,0,0,0
4296,0,0,0,0,0,0
4297,0,0,0,0,0,0
4298,0,0,0,0,0,0
4299,0,0,0,0,0,0
4300,0,0,0,0,0,0
4301,0,0,0,0,0,0
4302,0,0,0,0,0,0
4303,0,0,0,0,0,0
4304,0,0,0,0,0,0
4305,0,0,0,0,0,0
4306,0,0,0,0,0,0
4307,0,0,0,0,0,0
4308,0,0,0,0,0,0
4309,0,0,0,0,0,0
4310,0,0,0,0,0,0
4311,0,0,0,0,0,0
4312,0,0,0,0,0,0
4313,0,0,0,0,0,0
4314,0,0,0,0,0,0
4315,0,0,0,0,0,0
4316,0,0,0,0,0,0
4317,0,0,0,0,0,0
4318,0,0,0,0,0,0
4319,0,0,0,0,0,0
4320,0,0,0,0,0,0
4321,0,0,0,0,0,0
4322,0,0,0,0,0,0
4323,0,0,0,0,0,0
4324,0,0,0,0,0,0
4325,0,0,0,0,0,0
4326,0,0,0,0,0,0
4327,0,0,0,0,0,0
4328,0,0,0,0,0,0
4329,0,0,0,0,0,0
4330,0,0,0,0,0,0
4331,0,0,0,0,0,0
4332,0,0,0,0,0,0
4333,0,0,0,0,0,0
4334,0,0,0,0,0,0
4335,0,0,0,0,0,0
4336,0,0,0,0,0,0
4337,0,0,0,0,0,0
4338,0,0,0,0,0,0
4339,0,0,0,0,0,0
4340,0,0,0,0,0,0
4341,0,0,0,0,0,0
4342,0,0,0,0,0,0
4343,0,0,0,0,0,0
4344,0,0,0,0,0,0
4345,0,0,0,0,0,0
4346,0,0,0,0,0,0
4347,0,0,0,0,0,0
4348,0,0,0,0,0,0
4349,0,0,0,0,0,0
4350,0,0,0,0,0,0
4351,0,0,0,0,0,0
4352,0,0,0,0,0,0
4353,0,0,0,0,0,0
4354,0,0,0,0,0,0
4355,0,0,0,0,0,0
4356,0,0,0,0,0,0
4357,0,0,0,0,0,0
4358,0,0,0,0,0,0
4359,0,0,0,0,0,0
4360,0,0,0,0,0,0
4361,0,0,0,0,0,0
4362,0,0,0,0,0,0
4363,0,0,0,0,0,0
4364,0,0,0,0,0,0
4365,0,0,0,0,0,0
4366,0,0,0,0,0,0
4367,0,0,0,0,0,0
4368,0,0,0,0,0,0
4369,0,0,0,0,0,0
4370,0,0,0,0,0,0
4371,0,0,0,0,0,0
4372,0,0,0,0,0,0
4373,0,0,0,0,0,0
4374,0,0,0,0,0,0
4375,0,0,0,0,0,0
4376,0,0,0,0,0,0
4377,0,0,0,0,0,0
4378,0,0,0,0,0,0
4379,0,0,0,0,0,0
4380,0,0,0,0,0,0
4381,0,0,0,0,0,0
4382,0,0,0,0,0,0
4383,0,0,0,0,0,0
4384,0,0,0,0,0,0
4385,0,0,0,0,0,0
4386,0,0,0,0,0,0
4387,0,0,0,0,0,0
4388,0,0,0,0,0,0
4389,0,0,0,0,0,0
4390,0,0,0,0,0,0
4391,0,0,0,0,0,0
4392,0,0,0,0,0,0
4393,0,0,0,0,0,0
4394,0,0,0,0,0,0
4395,0,0,0,0,0,0
4396,0,0,0,0,0,0
4397,0,0,0,0,0,0
4398,0,0,0,0,0,0
4399,0,0,0,0,0,0
4400,0,0,0,0,0,0
4401,0,0,0,0,0,0
4402,0,0,0,0,0,0
4403,0,0,0,0,0,0
4404,0,0,0,0,0,0
4405,0,0,0,0,0,0
4406,0,0,0,0,0,0
4407,0,0,0,0,0,0
4408,0,0,0,0,0,0
4409,0,0,0,0,0,0
4410,0,0,0,0,0,0
4411,0,0,0,0,0,0
4412,0,0,0,0,0,0
4413,0,0,0,0,0,0
4414,0,0,0,0,0,0
4415,0,0,0,0,0,0
4416,0,0,0,0,0,0
4417,0,0,0,0,0,0
4418,0,0,0,0,0,0
4419,0,0,0,0,0,0
4420,0,0,0,0,0,0
4421,0,0,0,0,0,0
4422,0,0,0,0,0,0
4423,0,0,0,0,0,0
4424,0,0,0,0,0,0
4425,0,0,0,0,0,0
4426,0,0,0,0,0,0
4427,0,0,0,0,0,0
4428,0,0,0,0,0,0
4429,0,0,0,0,0,0
4430,0,0,0,0,0,0
4431,0,0,0,0,0,0
4432,0,0,0,0,0,0
4433,0,0,0,0,0,0
4434,0,0,0,0,0,0
4435,0,0,0,0,0,0
4436,0,0,0,0,0,0
4437,0,0,0,0,0,0
4438,0,0,0,0,0,0
4439,0,0,0,0,0,0
4440,0,0,0,0,0,0
4441,0,0,0,0,0,0
4442,0,0,0,0,0,0
4443,0,0,0,0,0,0
4444,0,0,0,0,0,0
4445,0,0,0,0,0,0
4446,0,0,0,0,0,0
4447,0,0,0,0,0,0
4448,0,0,0,0,0,0
4449,0,0,0,0,0,0
4450,0,0,0,0,0,0
4451,0,0,0,0,0,0
4452,0,0,0,0,0,0
4453,0,0,0,0,0,0
4454,0,0,0,0,0,0
4455,0,0,0,0,0,0
4456,0,0,0,0,0,0
4457,0,0,0,0,0,0
4458,0,0,0,0,0,0
4459,0,0,0,0,0,0
4460,0,0,0,0,0,0
