162,255.371048,-1027.59668,1026.625122,127.337807,-835.512695,979.80072,383.778473,-828.547913,986.527649,42.865334,-789.672974,627.721863,100.107796,-760.388,511.934753,64.394295,-800.102295,301.946106,147.674011,-796.167419,74.500389,208.48822,-828.975403,41.151821,120.243805,-674.214966,57.234776,435.99707,-912.846436,599.093872,376.161835,-933.118591,490.20166,402.419312,-991.775513,241.809006,317.053864,-1030.634766,63.559929,268.162659,-1083.405884,33.489708,308.151398,-896.178833,37.66256
163,253.77037,-1013.741028,1025.179932,127.740005,-820.415649,978.253296,384.363831,-815.764832,984.373535,43.984985,-774.892212,625.748169,101.737053,-745.017944,510.128815,65.67601,-773.329285,298.083221,147.229233,-752.185669,70.914589,208.177338,-782.252747,35.135914,118.674683,-629.460754,61.630077,435.555725,-905.553223,597.856201,375.757935,-927.905334,489.358002,401.304382,-989.251038,241.540192,315.473053,-1030.055176,64.033012,266.285217,-1082.623169,34.254032,308.121857,-895.503662,37.479557
164,252.07193,-999.808777,1023.430054,128.078629,-805.231079,976.394653,384.982513,-802.974426,982.015442,44.989975,-761.029175,622.991577,103.278137,-730.103699,507.794373,66.724655,-746.603516,294.6138,146.643661,-709.053223,68.723495,207.578049,-736.54425,30.870209,117.514084,-585.858154,67.193726,434.970215,-898.128906,596.43158,375.158356,-922.33606,488.387421,399.948883,-986.592896,241.255005,313.690918,-1029.424683,64.519615,264.112518,-1081.765625,35.043682,307.987213,-894.861572,37.298985
165,250.312897,-985.783813,1021.42627,128.358734,-789.963623,974.276611,385.630676,-790.146606,979.490356,45.818474,-747.979492,619.570679,104.6978,-715.47113,505.061798,67.493057,-719.915405,291.674377,145.989426,-667.231262,67.828392,206.754715,-692.404053,28.246662,116.918434,-543.789734,73.746895,434.275879,-890.642395,594.865662,374.403809,-916.411926,487.314484,398.433807,-983.887939,240.997421,311.802582,-1028.759644,65.035889,261.765717,-1080.874634,35.886608,307.75293,-894.304321,37.126686
166,248.530212,-971.648376,1019.225342,128.583435,-774.615723,971.959167,386.299652,-777.245178,976.835938,46.417946,-735.555603,615.652161,105.96769,-700.927734,502.085571,67.964195,-693.341553,289.365082,145.359695,-627.205627,68.035255,205.803345,-650.400024,27.034306,117.03685,-503.667633,80.992416,433.522156,-883.128967,593.216431,373.546722,-910.125916,486.168457,396.867981,-981.176025,240.811203,309.92804,-1028.074585,65.606262,259.413727,-1079.999756,36.826591,307.444611,-893.869141,36.96627
167,246.759262,-957.38385,1016.888733,128.753494,-759.188232,969.509949,386.97644,-764.229004,974.090332,46.760483,-723.486389,611.441772,107.069679,-686.277893,499.032013,68.151482,-667.033752,287.721924,144.857742,-589.463745,69.064873,204.839691,-611.090942,26.894758,117.998528,-465.91449,88.519257,432.768097,-875.578613,591.547485,372.646301,-903.459106,484.98111,395.374603,-978.431519,240.732834,308.198914,-1027.379517,66.264175,257.248749,-1079.192139,37.922218,307.105072,-893.569214,36.819443
168,245.033096,-942.971558,1014.480713,128.867554,-743.680603,967.002869,387.643799,-751.053406,971.291992,46.855064,-711.424988,607.172668,108.000359,-671.339294,496.065552,68.102577,-641.207947,286.701385,144.583191,-554.465637,70.574623,203.981171,-574.999756,27.415758,119.894348,-430.938477,95.828285,432.075317,-867.931946,589.919678,371.762329,-896.3797,483.783936,394.072205,-975.56189,240.786484,306.741638,-1026.678467,67.052505,255.455246,-1078.495483,39.243916,306.786377,-893.391052,36.687634
169,243.381958,-928.393921,1012.066589,128.922592,-728.091492,964.516357,388.280945,-737.672119,968.479736,46.750626,-698.968262,603.092224,108.773407,-655.960083,493.334869,67.902802,-616.134155,286.179047,144.61734,-522.612915,72.193146,203.326141,-542.584473,28.160488,122.75605,-399.104706,102.37767,431.49884,-860.083252,588.383423,370.948547,-888.842102,482.605347,393.056335,-972.427979,240.985031,305.661377,-1025.968384,68.023766,254.179962,-1077.939453,40.870049,306.539551,-893.299072,36.574234
170,241.833313,-913.635498,1009.709473,128.914749,-712.418518,962.130493,388.86377,-724.040039,965.6922,46.52705,-685.692871,599.445618,109.418488,-640.033142,490.961426,67.669922,-592.116882,285.966522,145.010864,-494.219421,73.565002,202.937576,-514.207092,28.727325,126.538513,-370.703979,107.640579,431.077698,-851.891846,586.973938,370.246735,-880.787354,481.46814,392.386414,-968.881653,241.338058,305.029572,-1025.23877,69.239914,253.510498,-1077.533203,42.883621,306.405365,-893.244812,36.485775
171,240.411865,-898.684998,1007.467346,128.839951,-696.659058,959.923828,389.36499,-710.115662,962.967224,46.277691,-671.21521,596.451965,109.976601,-623.506287,489.03183,67.535477,-569.454041,285.847717,145.775513,-469.483185,74.396973,202.835144,-490.103882,28.810297,131.111313,-345.921265,111.165558,430.827545,-843.199219,585.709106,369.683319,-872.143066,480.387146,392.081146,-964.804016,241.862427,304.878235,-1024.468994,70.771629,253.465668,-1077.259277,45.371471,306.407562,-893.178101,36.430382
172,239.139572,-883.536499,1005.389587,128.69455,-680.810486,957.970398,389.754761,-695.86499,960.341187,46.092052,-655.267517,594.276245,110.492874,-606.385803,487.595001,67.618004,-548.379333,285.627991,146.880249,-448.463348,74.497551,202.996445,-470.35556,28.248299,136.263336,-324.807251,112.62989,430.737671,-833.847656,584.589417,369.269196,-862.822998,479.36731,392.122162,-960.127869,242.5914,305.200928,-1023.62323,72.696693,253.999481,-1077.068726,48.426224,306.550415,-893.058044,36.41428
173,238.035538,-868.191284,1003.514526,128.475769,-664.871643,956.336243,390.001129,-681.264465,957.847961,46.045094,-637.760864,593.007019,111.008728,-588.733398,486.665009,68.000099,-529.008057,285.181702,148.252838,-431.065338,73.801765,203.365021,-454.860657,27.051397,141.720047,-307.257904,111.879448,430.773834,-823.694641,583.600159,369.003448,-852.726318,478.40213,392.46524,-954.836182,243.578857,305.960083,-1022.644592,75.097488,255.016449,-1076.873657,52.149441,306.819763,-892.862122,36.437969
174,237.11525,-852.659424,1001.867493,128.181992,-648.844116,955.076782,390.071411,-666.304382,955.517822,46.191517,-618.80188,592.652466,111.555588,-570.656494,486.227661,68.716087,-511.30954,284.481903,149.788681,-417.040466,72.375893,203.862885,-443.319733,25.395344,147.170547,-293.00824,108.951935,430.885498,-812.6203,582.713257,368.879333,-841.736816,477.472717,393.05542,-948.93866,244.89679,307.098114,-1021.446655,78.057365,256.393555,-1076.540161,56.654484,307.186035,-892.591125,36.492634
175,236.389542,-836.960449,1000.460571,127.812843,-632.733948,954.234436,389.934174,-650.991333,953.376709,46.560875,-598.657654,593.156799,112.15152,-552.295837,486.249542,69.748001,-495.114594,283.60376,151.366577,-406.004303,70.398773,204.403809,-435.242126,23.580883,152.301285,-281.649567,104.07856,431.016174,-800.525635,581.889526,368.891327,-829.723938,476.547852,393.842072,-942.436218,246.626144,308.549194,-1019.905334,81.655975,258.002869,-1075.878784,62.066669,307.608704,-892.270813,36.558342
176,235.862915,-821.123779,999.293152,127.369171,-616.553162,953.837158,389.56189,-635.349976,951.445679,47.153564,-577.691833,594.423218,112.800446,-533.81189,486.686279,71.025856,-480.148712,282.703369,152.867844,-397.475067,68.122635,204.905609,-429.982361,21.961586,156.833603,-272.673981,97.660423,431.115723,-787.327271,581.080872,369.040955,-816.546936,475.585175,394.790314,-935.286011,248.842606,310.249146,-1017.853821,85.963036,259.730164,-1074.63916,68.51712,308.040344,-891.947571,36.605537
177,235.531891,-805.187134,998.354065,126.853088,-600.320435,953.897034,388.934296,-619.423401,949.739868,47.939911,-556.301086,596.332031,113.493172,-515.373657,487.487427,72.432045,-466.078064,281.979553,154.193024,-390.92804,65.820847,205.299744,-426.808289,20.85409,160.561417,-265.543945,90.219864,431.153046,-772.950989,580.232727,369.340851,-802.064209,474.534424,395.886902,-927.377991,251.600189,312.141144,-1015.081604,91.030746,261.486786,-1072.510864,76.128517,308.430786,-891.675293,36.601326
178,235.383499,-789.19458,997.624451,126.268166,-584.061584,954.409363,388.041962,-603.272034,948.268799,48.863201,-534.870056,598.747803,114.209999,-497.149597,488.596619,73.81488,-452.562897,281.623077,155.274414,-385.858612,63.734085,205.537582,-424.99762,20.454479,163.38414,-259.772644,82.331688,431.127106,-757.329956,579.287354,369.81604,-786.146484,473.342987,397.139526,-918.528992,254.914719,314.1763,-1011.340454,96.884926,263.212372,-1069.135864,84.992317,308.733551,-891.492737,36.521049
179,235.394516,-773.19342,997.08075,125.61985,-567.80835,955.351807,386.889526,-586.970642,947.036194,49.845844,-513.748779,601.517517,114.924736,-479.302032,489.947144,75.016418,-439.321533,281.757751,156.085251,-381.83963,62.028362,205.593109,-423.94104,20.79216,165.325623,-254.990036,74.545067,431.073364,-740.408447,578.188416,370.501465,-768.693359,471.963226,398.569641,-908.495178,258.749512,316.310059,-1006.357239,103.515938,264.870361,-1064.132935,95.139732,308.915375,-891.389832,36.364372
180,235.531754,-757.23114,996.698792,124.915932,-551.596558,956.684204,385.498383,-570.60376,946.040894,50.79863,-493.244171,604.466064,115.609192,-461.984497,491.456543,75.915565,-426.201996,282.387085,156.643494,-378.553192,60.778698,205.465622,-423.207947,21.743116,166.526093,-250.962006,67.314133,431.062683,-722.151001,576.88623,371.436188,-749.649231,470.360931,400.199982,-896.999695,263.0065,318.49646,-999.85376,110.871635,266.439148,-1057.134277,106.512421,308.96875,-891.267456,36.17384
181,235.753601,-741.352478,996.45697,124.166893,-535.463623,958.349487,383.908051,-554.260315,945.277588,51.633228,-473.618225,607.400085,116.237144,-445.342316,493.024689,76.47303,-413.240173,283.373993,157.005402,-375.786865,59.981716,205.181686,-422.550262,23.091087,167.200027,-247.553406,60.959858,431.190277,-702.556274,575.345825,372.654297,-729.016174,468.524323,402.039307,-883.769836,267.526581,320.682861,-991.571594,118.854912,267.90271,-1047.831909,118.941284,308.925415,-890.894775,36.052742
182,236.012802,-725.598022,996.3396,123.385887,-519.446289,960.275696,382.175476,-538.027466,944.739075,52.276695,-455.086151,610.124329,116.786896,-429.515564,494.539337,76.747604,-400.663086,284.475739,157.250717,-373.408051,59.581978,204.792801,-421.863037,24.599512,167.574493,-244.672882,55.666378,431.555634,-681.672974,573.557068,374.174408,-706.860779,466.472748,404.068481,-868.576477,272.101959,322.806915,-981.297668,127.327881,269.242004,-1036.025879,132.14032,308.867798,-889.874817,36.174774
183,236.260315,-710.002563,996.339722,122.588219,-503.578369,962.380737,380.372528,-521.984924,944.417969,52.684898,-437.816162,612.465942,117.241959,-414.639984,495.889374,76.865898,-388.811859,285.426086,157.46347,-371.340363,59.497196,204.366257,-421.134521,26.065874,167.832687,-242.244385,51.490997,432.237213,-659.616211,571.548096,375.990753,-683.313293,464.263916,406.233337,-851.269836,276.503693,324.796906,-968.885986,136.12236,270.427368,-1021.659302,145.719879,308.931427,-887.634521,36.776379
184,236.44957,-694.594543,996.460571,121.790314,-487.888855,964.578796,378.581238,-506.200653,944.309509,52.849625,-421.931305,614.297424,117.590485,-400.841797,496.981659,76.965714,-378.022156,286.021149,157.713486,-369.546814,59.637215,203.969421,-420.401794,27.350206,168.08432,-240.202591,48.383057,433.270508,-636.580261,569.398987,378.068665,-658.557129,461.996979,408.446991,-831.807983,280.523926,326.575562,-954.270508,145.053986,271.414459,-1004.829163,159.219147,309.290924,-883.453979,38.125191
185,236.540726,-679.395081,996.716431,121.008492,-472.400726,966.788147,376.887634,-490.727936,944.413086,52.795933,-407.509705,615.553284,117.824722,-388.22522,497.756256,77.145561,-368.538605,286.16684,158.043365,-368.014893,59.916908,203.65509,-419.716766,28.380875,168.368286,-238.492798,46.211857,434.635193,-612.840637,567.247864,380.346924,-632.810486,459.809692,410.602661,-810.270569,284.023499,328.068024,-937.464294,153.935471,272.146179,-985.762634,172.152206,310.125763,-876.544678,40.463146
186,236.504333,-664.417786,997.131348,120.257965,-457.130066,968.938904,375.374268,-475.604279,944.73407,52.570934,-394.579102,616.238403,117.940819,-376.85672,498.195129,77.438919,-360.486877,285.881866,158.464569,-366.741943,60.264153,203.453583,-419.123749,29.145315,168.676025,-237.070602,44.799206,436.255615,-588.735291,565.282593,382.746216,-606.303406,457.867676,412.591888,-786.85321,286.97049,329.212616,-918.545288,162.583099,272.561066,-964.763367,184.059753,311.571625,-866.175232,43.932114
187,236.324036,-649.668396,997.737061,119.55217,-442.086243,970.979797,374.11261,-460.851532,945.282898,52.228725,-383.106537,616.426514,117.939041,-366.753052,498.321686,77.81617,-353.884705,285.269501,158.961609,-365.724304,60.6236,203.37291,-418.649017,29.672869,168.977463,-235.901047,43.951782,438.013397,-564.622131,563.712097,385.180847,-579.255981,456.347076,414.321045,-761.838623,289.452362,329.972565,-897.632568,170.815262,272.608063,-942.141052,194.558319,313.674011,-851.821716,48.504341
188,235.997986,-635.144714,998.568481,118.902473,-427.272522,972.881836,373.156067,-446.476349,946.073303,51.817242,-372.988922,616.246765,117.823761,-357.877319,498.191925,78.207054,-348.663391,284.472687,159.501144,-364.950073,60.95731,203.404007,-418.298401,30.015892,169.238388,-234.957153,43.488052,439.768768,-540.821899,562.724915,387.570984,-551.862732,455.413513,415.723022,-735.551208,291.654175,330.344147,-874.863281,178.448303,272.267029,-918.150574,203.377182,316.364685,-833.285034,53.954514
189,235.538788,-620.837585,999.65863,118.318237,-412.687286,974.639404,372.534119,-432.471313,947.118774,51.371281,-364.053284,615.858276,117.602737,-350.145111,497.880707,78.5308,-344.685242,283.629578,160.041931,-364.395966,61.243568,203.52739,-418.060516,30.233261,169.430252,-234.217117,43.256676,441.385773,-517.562439,562.449097,389.852051,-524.284424,455.200867,416.765106,-708.307129,293.806335,330.359253,-850.376831,185.296692,271.56601,-892.963745,210.371933,319.473022,-810.71582,59.898224
190,234.971756,-606.731506,1001.032532,117.806862,-398.325226,976.267273,372.249268,-418.815857,948.427856,50.912956,-356.074188,615.419861,117.285645,-343.438416,497.466766,78.720108,-341.759613,282.84436,160.544098,-364.027863,61.474007,203.71843,-417.912964,30.378281,169.535568,-233.660889,43.144958,442.757263,-494.944458,562.930298,391.979828,-496.648315,455.794769,417.455109,-680.374695,296.117798,330.080292,-824.309998,191.17981,270.585968,-866.679443,215.508072,322.766418,-784.53772,65.876678
191,234.331879,-592.806091,1002.701416,117.373535,-384.178619,977.79425,372.276215,-405.477509,950.000366,50.456696,-348.805878,615.063171,116.882469,-337.622711,497.020996,78.733521,-339.663849,282.177002,160.975906,-363.804169,61.649712,203.95108,-417.829254,30.491974,169.549316,-233.266525,43.078453,443.825043,-472.9375,564.135498,393.930481,-469.053864,457.224609,417.841888,-651.957275,298.717529,329.589386,-796.796509,195.932785,269.447601,-839.353516,218.824188,325.999146,-755.312744,71.446678
192,233.65976,-579.038086,1004.658081,117.020737,-370.237701,979.254944,372.564423,-392.412781,951.824402,50.014595,-342.02005,614.876526,116.402664,-332.562256,496.599304,78.559944,-338.164734,281.64621,161.317673,-363.680481,61.777695,204.200958,-417.784546,30.601572,169.477722,-233.007629,43.014801,444.590027,-451.404144,565.976746,395.697266,-441.581512,459.465363,418.004578,-623.195984,301.621094,328.976257,-767.965271,199.417221,268.286285,-811.02301,220.393677,328.950745,-723.608704,76.246201
193,232.997269,-565.402649,1006.87439,116.747574,-356.490814,980.680115,373.043457,-379.568878,953.875122,49.599606,-335.537537,614.899597,115.855576,-328.130371,496.240234,78.218422,-337.039459,281.240387,161.563492,-363.614502,61.868408,204.448212,-417.759216,30.7227,169.336029,-232.853485,42.935345,445.10907,-430.142365,568.342041,397.285065,-414.301056,462.447205,418.031586,-594.179749,304.72583,328.326508,-737.935608,201.529068,267.225128,-781.71698,220.297607,331.452118,-689.908569,80.027672
194,232.383316,-551.875427,1009.300903,116.549286,-342.92392,982.088928,373.630585,-366.88559,956.11499,49.225388,-329.24527,615.127197,115.251678,-324.212952,495.965454,77.752457,-336.098083,280.932678,161.720795,-363.570526,61.934326,204.679825,-417.739685,30.863232,169.14537,-232.771469,42.836914,445.47937,-408.934875,571.120239,398.704865,-387.278412,466.068909,417.999756,-564.95636,307.833344,327.712799,-706.812012,202.202789,266.355011,-751.457336,218.610214,333.40448,-654.570679,82.664101
195,231.850616,-538.433472,1011.868896,116.417206,-329.520172,983.482788,374.23999,-354.298187,958.495544,48.904339,-323.09314,615.519531,114.604027,-320.707184,495.781464,77.219093,-335.204163,280.695526,161.808228,-363.522125,61.989243,204.890854,-417.717834,31.027252,168.929153,-232.730438,42.72488,445.814789,-387.595123,574.216309,399.96933,-360.579712,470.211121,417.964142,-535.545227,310.693542,327.189789,-674.680725,201.412445,265.725525,-720.256409,215.39473,334.788452,-617.834412,84.137062
196,231.423401,-525.056458,1014.494873,116.339256,-316.259918,984.842834,374.792053,-341.74118,960.959961,48.646095,-317.072327,616.015259,113.929321,-317.517914,495.681976,76.676384,-334.284332,280.510071,161.851776,-363.453094,62.047592,205.083725,-417.689484,31.218107,168.709961,-232.703476,42.607883,446.221527,-366.00174,577.556091,401.089508,-334.27243,474.747314,417.959442,-505.953186,313.056824,326.792664,-641.608154,199.170563,265.345245,-688.112976,210.706497,335.662537,-579.85022,84.514473
197,231.116592,-511.72699,1017.08606,116.301086,-303.121124,986.130859,375.221558,-329.152527,963.445923,48.457829,-311.185455,616.544128,113.248405,-314.554901,495.65097,76.17308,-333.322449,280.368469,161.880478,-363.356628,62.123646,205.265854,-417.653168,31.439724,168.507385,-232.669479,42.494263,446.777863,-344.118378,581.084412,402.072876,-308.424316,479.551575,418.006653,-476.18692,314.715576,326.539154,-607.640259,195.525314,265.189484,-655.010132,204.59903,336.148682,-540.715088,83.922142
198,230.936234,-498.430725,1019.54718,116.287498,-290.08017,987.293274,375.483795,-316.477692,965.888855,48.346249,-305.420044,617.036865,112.58609,-311.731384,495.665619,75.743156,-332.33905,280.270569,161.922562,-363.233673,62.230728,205.446869,-417.60849,31.696209,168.336426,-232.613861,42.390202,447.52182,-321.997009,584.758545,402.922455,-283.100708,484.503143,418.118469,-446.25769,315.52478,326.434357,-572.802917,190.557358,265.213806,-620.915039,197.13118,336.409149,-500.501678,82.516319
199,230.880966,-485.156372,1021.787537,116.284012,-277.113159,988.267578,375.557739,-303.673218,968.225037,48.319824,-299.735321,617.431274,111.970062,-308.964478,495.700317,75.406029,-331.362885,280.217346,162.002716,-363.090668,62.380455,205.636688,-417.55481,31.99061,168.206436,-232.528397,42.299175,448.447968,-299.765503,588.539246,403.637115,-258.361816,489.488098,418.301666,-416.178864,315.404724,326.477814,-537.103516,184.377029,265.370789,-585.781677,188.374786,336.620575,-459.276123,80.463921
200,230.944489,-471.895111,1023.727173,116.278336,-264.19696,988.98999,375.446259,-290.709076,970.394531,48.389629,-294.063995,617.676819,111.429092,-306.176117,495.729919,75.170929,-330.405518,280.204315,162.140808,-362.936798,62.582035,205.844131,-417.490143,32.324371,168.121078,-232.410339,42.222271,449.511627,-277.602386,592.379761,404.212585,-234.261154,494.398773,418.558075,-385.962738,314.335754,326.670807,-500.53418,177.121887,265.62558,-549.555847,178.422546,336.952881,-417.107483,77.931816
201,231.118149,-458.640076,1025.302124,116.261543,-251.310303,989.403137,375.17392,-277.569366,972.344177,48.568165,-288.324432,617.737671,110.990768,-303.294525,495.732971,75.041977,-329.449219,280.219086,162.351593,-362.781128,62.84145,206.076492,-417.410889,32.697891,168.079193,-232.261307,42.158741,450.638336,-255.706116,596.21582,404.643036,-210.845367,499.131592,418.886383,-355.618866,312.351074,327.021454,-463.077454,168.954453,265.965851,-512.181641,167.395996,337.554962,-374.072266,75.084282
202,231.393753,-445.385651,1026.467773,116.228928,-238.434708,989.463257,374.782379,-264.251282,974.030334,48.86647,-282.436432,617.596252,110.67897,-300.255096,495.693604,75.021614,-328.44931,280.244476,162.644836,-362.629791,63.160934,206.340378,-417.311981,33.111893,168.076614,-232.085815,42.106525,451.73526,-234.26712,599.959106,404.921967,-188.155823,503.584686,419.285217,-325.154327,309.527802,327.54718,-424.713684,160.06044,266.404205,-473.609528,155.452209,338.54483,-330.255493,72.085938
203,231.765518,-432.126465,1027.200684,116.180222,-225.554825,989.144653,374.32489,-250.762894,975.420166,49.290516,-276.333374,617.254578,110.511551,-297.000427,495.60318,75.112007,-327.34549,280.265442,163.025543,-362.483795,63.538807,206.643372,-417.18866,33.569019,168.107941,-231.889999,42.062721,452.702393,-213.4478,603.497742,405.043121,-166.231049,507.657166,419.755707,-294.573395,305.976135,328.273987,-385.430267,150.647446,266.975952,-433.807007,142.788269,340.001068,-285.75,69.106812
204,232.231613,-418.856628,1027.497925,116.1194,-212.658646,988.442627,373.859894,-237.120102,976.493103,49.838696,-269.968201,616.732483,110.49884,-293.480225,495.460083,75.315239,-326.074493,280.27652,163.494461,-362.338409,63.970268,206.99649,-417.037445,34.07547,168.168121,-231.680374,42.024418,453.444336,-193.37088,606.703552,405.001465,-145.108932,511.249817,420.303833,-263.878845,301.828339,329.234131,-345.232361,140.943314,267.735229,-392.771332,129.64267,341.95578,-240.657394,66.325821
205,232.794632,-405.568756,1027.375366,116.053947,-199.737228,987.373169,373.44519,-223.342987,977.240356,50.501484,-263.313019,616.061951,110.643822,-289.651154,495.268982,75.63308,-324.580444,280.285339,164.050018,-362.18396,64.450218,207.417145,-416.855316,34.642139,168.253525,-231.462952,41.989624,453.883392,-174.114426,609.445496,404.794739,-124.827736,514.268372,420.940796,-233.076553,297.230438,330.463104,-304.15506,131.193848,268.749237,-350.543304,116.293243,344.391083,-195.091934,63.930935
206,233.461304,-392.253387,1026.86499,115.993889,-186.784027,985.970459,373.132782,-209.452087,977.664246,51.263119,-256.353241,615.278198,110.943184,-285.476563,495.038422,76.066681,-322.822876,280.311279,164.691742,-362.008423,64.977425,207.930862,-416.637207,35.284927,168.362701,-231.243088,41.957516,453.974091,-155.711365,611.607117,404.425507,-105.424767,516.628662,421.681702,-202.186447,292.337189,331.995026,-262.276886,121.657814,270.090302,-307.220886,103.050713,347.241211,-149.18808,62.11536
207,234.241241,-378.898468,1026.010132,115.950684,-173.79364,984.282959,372.965271,-195.465057,977.776794,52.104225,-249.081131,614.412048,111.388733,-280.92569,494.778412,76.616409,-320.78241,280.380402,165.422073,-361.799713,65.557213,208.569382,-416.376038,36.024651,168.496506,-231.025711,41.927979,453.717133,-138.153381,613.102356,403.903931,-86.93203,518.262878,422.541809,-171.258835,287.309326,333.855927,-219.732544,112.59758,271.824738,-262.969086,90.246574,350.400604,-103.112473,61.068516
208,235.145187,-365.489197,1024.862061,115.936234,-160.760544,982.368103,372.973724,-181.39389,977.5979,53.004112,-241.490952,613.484863,111.969017,-275.972229,494.497955,77.281944,-318.462158,280.51947,166.244705,-361.547119,66.201546,209.364487,-416.064514,36.886578,168.657227,-230.815994,41.900822,453.168457,-121.400352,613.88501,403.250366,-69.369179,519.126465,423.53183,-140.391586,282.311798,336.057587,-176.724335,104.265533,273.998627,-218.025299,78.214455,353.737823,-57.077991,60.962605
209,236.182816,-352.008301,1023.47522,115.961945,-147.677307,980.287048,373.17691,-167.243225,977.153137,53.942383,-233.578369,612.508606,112.670784,-270.592834,494.203003,78.061371,-315.88269,280.751526,167.160156,-361.241852,66.927704,210.337463,-415.697845,37.899223,168.846817,-230.620148,41.874767,452.438538,-105.396172,613.948364,402.496887,-52.735046,519.204285,424.653259,-109.740547,277.509918,338.591888,-133.52948,96.887466,276.626495,-172.704803,67.266273,357.114502,-11.354835,61.937107
210,237.360611,-338.436401,1021.903381,116.038086,-134.533142,978.099854,373.581604,-153.009583,976.472168,54.900219,-225.342255,611.489075,113.480194,-264.76532,493.895752,78.94912,-313.069977,281.093506,168.159439,-360.876648,67.757034,211.48735,-415.275177,39.092865,169.064575,-230.445572,41.846943,451.67746,-90.088593,613.314941,401.687408,-36.999477,518.516174,425.89502,-79.516594,273.060547,341.426727,-90.501671,90.644112,279.684601,-127.403244,57.66481,360.405212,33.725323,64.082741
211,238.680023,-324.752502,1020.197327,116.173424,-121.312691,975.861633,374.183746,-138.681503,975.58728,55.861168,-216.787048,610.430786,114.383331,-258.467255,493.574524,79.93261,-310.038055,281.555145,169.217896,-360.444458,68.714111,212.780487,-414.800415,40.498455,169.305176,-230.298996,41.813774,451.048431,-75.446297,612.022095,400.875763,-22.09701,517.120056,427.234009,-49.966606,269.098785,344.503448,-48.0648,85.652229,283.108948,-82.592216,49.59586,363.510742,77.774147,67.424805
212,240.136307,-310.934692,1018.402405,116.375168,-107.995316,973.619507,374.970093,-124.240593,974.531738,56.811279,-207.923187,609.341553,115.366234,-251.674469,493.234344,80.988518,-306.771515,282.138031,170.29129,-359.937805,69.82608,214.144653,-414.282288,42.146976,169.557205,-230.183441,41.77322,450.696014,-61.46315,610.113403,400.120941,-7.923515,515.111755,428.639526,-21.340658,265.722717,347.737152,-6.698024,81.947662,286.797394,-38.806931,43.144089,366.358887,120.35994,71.905777
213,241.717911,-296.960754,1016.557861,116.649315,-94.555214,971.411133,375.92038,-109.663353,973.339844,57.738976,-198.763901,608.234497,116.414597,-244.360092,492.868195,82.080055,-303.214966,282.835358,171.316391,-359.348053,71.12114,215.472885,-413.733337,44.069954,169.802811,-230.095428,41.726566,450.718994,-48.142033,607.6427,399.480865,5.663251,512.620422,430.079865,6.145724,262.980072,351.020599,33.086369,79.47332,290.615082,3.373806,38.278057,368.893158,161.026276,77.367668
214,243.406616,-282.809174,1014.696899,117.001022,-80.962242,969.263855,377.00946,-94.923889,972.046204,58.63483,-189.317719,607.127808,117.513367,-236.493774,492.468048,83.157364,-299.274078,283.632935,172.217285,-358.665314,72.626602,216.638519,-413.167725,46.300663,170.019363,-230.023483,41.679173,451.153412,-35.460621,604.688782,399.004791,18.838348,509.799835,431.528351,32.340576,260.859955,354.233124,70.771049,78.076271,294.405548,43.352741,34.848007,371.058777,199.31279,83.538147
215,245.178253,-268.460358,1012.847351,117.435127,-67.183388,967.195251,378.209564,-79.997101,970.686584,59.491688,-179.578583,606.042053,118.646805,-228.040909,492.02594,84.162918,-294.829651,284.511322,172.91568,-357.87851,74.368492,217.517349,-412.597626,48.87579,170.182404,-229.948364,41.639599,451.967285,-23.331259,601.37085,398.726807,31.799166,506.816223,432.965881,57.163364,259.293243,357.254608,105.865753,77.517441,298.009552,80.54216,32.598511,372.791901,234.779343,90.027893
216,247.003922,-253.89798,1011.03302,117.956825,-53.184757,965.213989,379.492828,-64.861633,969.298218,60.305561,-169.51651,604.996094,119.799316,-218.961899,491.534698,85.041344,-289.760071,285.449371,173.341858,-356.974701,76.373405,218.007187,-412.02951,51.837734,170.268982,-229.845001,41.617058,453.067322,-11.570777,597.855103,398.661285,44.749973,503.834564,434.379181,80.588066,258.161011,359.981995,137.940796,77.495422,301.289368,114.395248,31.197739,374.017242,267.034821,96.348381
217,248.851517,-239.110321,1009.274536,118.57251,-38.934052,963.321411,380.833527,-49.50259,967.92041,61.078106,-159.072983,604.002136,120.956505,-209.211288,490.987885,85.749863,-283.964478,286.429352,173.443558,-355.936981,78.671043,218.040985,-411.459656,55.236286,170.260223,-229.686142,41.618229,454.318939,0.10729,594.347717,398.802429,57.882702,501.004883,435.755768,102.609756,257.310272,362.343414,166.659103,77.682198,304.15332,144.442413,30.282639,374.658325,295.769287,101.952972
218,250.687698,-224.091705,1007.589905,119.29068,-24.403208,961.51355,382.210175,-33.913624,966.594604,61.819862,-148.162491,603.061584,122.105652,-198.736191,490.37915,86.264542,-277.380005,287.44342,173.191635,-354.740662,81.296288,217.594315,-410.867188,59.129555,170.143326,-229.447037,41.644379,455.576935,12.071348,591.074829,399.127625,71.356644,498.450256,437.077484,123.211945,256.575073,364.307068,191.804031,77.766457,306.570831,170.330963,29.515715,374.660431,320.787109,106.295471
219,252.479797,-208.843521,1005.994995,120.122742,-9.571165,959.78302,383.607208,-18.098482,965.364624,62.551407,-136.680115,602.163513,123.235184,-187.47435,489.700775,86.58197,-269.987,288.49939,172.58194,-353.347504,84.290016,216.68782,-410.205292,63.584454,169.913162,-229.110626,41.689064,456.71994,24.720018,588.256042,399.604492,85.281212,496.259064,438.31662,142.353119,255.802399,365.882202,213.29985,77.496948,308.570923,191.864838,28.642345,374.018005,342.036774,108.89534
220,254.197647,-193.374969,1004.503174,121.08342,5.57339,958.121094,385.015869,-2.071793,964.276062,63.301201,-124.512627,601.286072,124.333122,-175.352142,488.941742,86.71653,-261.800476,289.624298,171.633881,-351.699036,87.698143,215.384552,-409.390686,68.677124,169.573517,-228.672607,41.73682,457.677734,38.409008,586.077637,400.19986,99.705589,494.482483,439.438538,159.98288,254.880508,367.111572,231.221375,76.717064,310.222351,209.039383,27.535606,372.79837,359.631714,109.399155
221,255.815247,-177.703506,1003.124939,122.190453,21.029589,956.519653,386.434021,14.140969,963.375305,64.100533,-111.549965,600.400391,125.38485,-162.284164,488.086578,86.693542,-252.852356,290.867981,170.386887,-349.708679,91.569321,213.783157,-408.291229,74.493187,169.138443,-228.145569,41.763802,458.443329,53.377853,584.670837,400.887512,114.617874,493.138031,440.411835,176.082535,253.761917,368.057281,245.789536,75.383461,311.603638,222.06282,26.215137,371.151062,373.855347,107.631172
222,257.312042,-161.854752,1001.868042,123.463547,36.782536,954.973389,387.865417,30.504307,962.708496,64.97683,-97.693596,599.475586,126.370628,-148.175354,487.115417,86.540161,-243.171387,292.305786,168.895645,-347.254425,95.951691,212.009109,-406.712463,81.125969,168.633545,-227.559662,41.741425,459.068939,69.700249,584.098633,401.652039,129.952988,492.217743,441.221252,190.708176,252.473663,368.784546,257.35202,73.565002,312.776062,231.355957,24.830822,369.296051,385.143555,103.62867
223,258.67395,-145.861969,1000.737427,124.922394,52.802299,953.481079,389.317719,46.974281,962.319153,65.946426,-82.859978,598.481995,127.263718,-132.92662,486.005676,86.276459,-232.767548,294.03775,167.225464,-344.172852,100.888512,210.204788,-404.388763,88.670074,168.097336,-226.956879,41.643822,459.650391,87.269554,584.354248,402.48819,145.606155,491.697723,441.876648,204.010941,251.109375,369.348846,266.348572,71.422073,313.771698,237.521957,23.611126,367.489319,394.040161,97.657516
224,259.894196,-129.764832,999.736389,126.583923,69.043999,952.04718,390.80069,63.500755,962.245728,67.007744,-66.979637,597.393982,128.030212,-116.443924,484.735657,85.908958,-221.622253,296.179596,165.447952,-340.257263,106.412422,208.517548,-400.985565,97.207588,167.580521,-226.375992,41.459053,460.304382,105.8162,585.366516,403.396423,161.447403,491.546295,442.413666,216.222382,249.80452,369.788666,273.263641,69.169571,314.599823,241.281906,22.787062,365.971619,401.124664,90.200897
225,260.97403,-113.607674,998.867371,128.459,85.449211,950.6828,392.3237,80.030266,962.517822,68.136169,-49.994816,596.191956,128.631149,-98.65036,483.288849,85.429382,-209.681686,298.842926,163.637848,-335.262604,112.538589,207.085083,-396.117157,106.787827,167.140793,-225.827484,41.202728,461.142365,124.947365,587.010071,404.376862,177.334183,491.727905,442.886383,227.609909,248.6987,370.123657,278.572174,67.030342,315.263367,243.379471,22.5151,364.911469,406.92041,81.910919
226,261.923248,-97.437164,998.133545,130.548935,101.94883,949.40625,393.89389,96.509529,963.152771,69.28215,-31.859476,594.863892,129.027328,-79.499413,481.6586,84.819733,-196.851196,302.102783,161.870544,-328.918762,119.257095,206.019455,-389.382172,117.402847,166.832855,-225.260956,40.931355,462.246277,144.203018,589.117065,405.42276,193.120422,492.201904,443.352112,238.416855,247.892899,370.356293,282.689575,65.190437,315.771149,244.475067,22.828016,364.360962,411.811157,73.516335
227,262.760651,-81.299782,997.540222,132.842148,118.46711,948.24231,395.514557,112.889305,964.151917,70.374763,-12.544487,593.407715,129.186325,-58.987488,479.852722,84.063522,-182.989975,305.955444,160.219635,-320.953156,126.526283,205.392746,-380.414795,128.963776,166.693558,-224.529205,40.753246,463.650208,163.123672,591.492188,406.515594,208.661987,492.917389,443.848877,248.805542,247.415039,370.475037,285.940033,63.769234,316.138245,245.069626,23.633318,364.24649,416.009552,65.693321
228,263.514008,-65.239548,997.09613,135.311707,134.926682,947.222168,397.184174,129.127899,965.497986,71.33242,7.950907,591.834412,129.091049,-37.163036,477.898071,83.161163,-167.91011,310.280945,158.753448,-311.119446,134.269653,205.22702,-368.943878,141.286362,166.723953,-223.355713,40.832306,465.329346,181.319122,593.931396,407.623352,223.817795,493.807037,444.372833,258.82196,247.211731,370.460297,288.554688,62.812225,316.380585,245.484879,24.755951,364.40509,419.599426,58.949924
229,264.219086,-49.296288,996.813843,137.914276,151.253723,946.381775,398.895569,145.193604,967.154663,72.078835,29.582283,590.174255,128.748108,-14.129603,475.844727,82.144173,-151.387604,314.831268,157.531845,-299.227692,142.377075,205.491821,-354.845917,154.090485,166.874741,-221.316345,41.377628,467.200043,198.519318,596.243225,408.703735,238.448013,494.785309,444.87323,268.398132,247.176422,370.293915,290.691406,62.300613,316.511444,245.889526,25.997667,364.643707,422.615326,53.573864
230,264.917877,-33.504166,996.710571,140.590912,167.382706,945.76062,400.635773,161.065613,969.068542,72.560211,52.240803,588.485962,128.192688,9.959458,473.770111,81.07962,-133.19455,319.262848,156.604218,-285.170044,150.710251,206.115204,-338.176514,167.014877,167.042435,-217.846039,42.615288,469.13327,214.586502,598.269958,409.712158,252.412949,495.754944,445.273071,277.393616,247.195663,369.969696,292.457642,62.168472,316.542175,246.343124,27.18647,364.802368,425.096313,49.626656
231,265.655304,-17.890537,996.807678,143.269897,183.260101,945.400574,402.386719,176.733963,971.173767,72.758286,75.736908,586.86499,127.487022,34.914829,471.779907,80.059891,-113.153816,323.214813,156.008987,-268.934937,159.109573,207.008774,-319.166656,179.64505,167.083694,-212.278595,44.742756,470.981537,229.484344,599.901306,410.610291,265.577026,496.620636,445.502075,285.654358,247.183502,369.499451,293.925934,62.322433,316.485413,246.83934,28.20327,364.800812,427.096313,46.976414
232,266.475525,-2.474976,997.130127,145.87178,198.846436,945.344238,404.126892,192.198471,973.398987,72.695679,99.795845,585.44458,126.711189,60.531155,470.004395,79.182617,-91.198235,326.412445,155.773636,-250.603317,167.399063,208.098373,-298.178345,191.547806,166.84964,-203.921844,47.873714,472.61142,243.227554,601.083557,411.373138,277.819489,497.30545,445.525116,293.055725,247.091202,368.912842,295.143494,62.66058,316.357513,247.340912,28.987362,364.640869,428.679779,45.368965
233,267.417816,12.731298,997.704712,148.316177,214.116791,945.632385,405.833344,207.466965,975.674377,72.432465,124.073761,584.383484,125.949173,86.607956,468.58847,78.531181,-67.409264,328.755859,155.912994,-230.32782,175.387222,209.345871,-275.629456,202.306412,166.231506,-192.160583,51.988136,473.932617,255.846176,601.825867,411.991821,289.049377,497.764099,445.355499,299.51947,246.901947,368.25296,296.140411,63.087917,316.178711,247.804245,29.529099,364.374603,429.915161,44.50779
234,268.512543,27.725508,998.557922,150.529663,229.059647,946.300659,407.483856,222.552658,977.938599,72.056046,148.196777,583.840759,125.274864,112.966583,467.676453,78.165054,-42.020168,330.359741,156.425522,-208.30043,182.866043,210.749954,-251.909729,211.556183,165.202896,-176.566025,56.907364,474.91449,267.380005,602.199768,412.473114,299.21875,497.988617,445.05011,305.016693,246.623154,367.56897,296.937561,63.526962,315.970886,248.194702,29.856661,364.069794,430.868896,44.115555
235,269.777802,42.512829,999.713013,152.453629,243.675064,947.375,409.058655,237.471436,980.144043,71.667328,171.816071,583.943359,124.741829,139.460281,467.393768,78.120621,-15.382694,331.526611,157.288391,-184.717239,189.61351,212.323212,-227.313141,219.018631,163.843216,-156.973831,62.309612,475.585114,277.891876,602.323425,412.836243,308.32843,498.005066,444.689606,309.571198,246.280273,366.908783,297.553162,63.923134,315.754486,248.493774,30.020958,363.78714,431.6008,43.970032
236,271.217285,57.105377,1001.186218,154.050781,257.972717,948.866882,410.54187,252.239105,982.259338,71.364731,194.664322,584.759216,124.378754,165.976486,467.829956,78.41555,12.093816,332.6586,158.455139,-159.750137,195.404022,214.058578,-202.00705,224.526123,162.33226,-133.499603,67.782127,476.013855,287.479523,602.332886,413.109009,316.424652,497.863312,444.354767,313.26181,245.9095,366.313019,298.007202,64.245346,315.546265,248.699371,30.081488,363.567871,432.161377,43.91758
237,272.819763,71.520828,1002.983032,155.309631,271.970795,950.769287,411.922607,266.869324,984.269043,71.22802,216.597656,586.286987,124.191017,192.432526,469.026733,79.049294,40.012569,334.136871,159.859116,-133.534042,200.025818,215.907715,-176.043304,228.023468,160.913071,-106.487328,72.894531,476.284637,296.275085,602.350708,413.323547,323.588806,497.62381,444.109009,316.21402,245.550323,365.811249,298.323151,64.48317,315.358734,248.822021,30.095423,363.430176,432.591187,43.870098
238,274.56015,85.780807,1005.09491,156.245926,285.695221,953.05426,413.195496,281.372406,986.170288,71.305466,237.611877,588.462585,124.166901,218.766846,470.973511,79.999283,68.049271,336.21228,161.423416,-106.16964,203.301834,217.786423,-149.398132,229.54425,159.834961,-76.416878,77.270859,476.471497,304.434601,602.465637,413.512787,329.924255,497.345398,443.991302,318.578857,245.239563,365.420624,298.527618,64.642296,315.200562,248.879379,30.110701,363.37265,432.921509,43.791424
239,276.401855,99.909248,1007.496338,156.901047,299.179596,955.672791,414.36084,295.75528,987.967407,71.608383,257.830505,591.17865,124.28614,244.928925,473.610901,81.218735,95.988876,338.938416,163.074783,-77.733337,205.107819,219.602097,-122.014626,229.175323,159.297333,-43.806049,80.641838,476.624817,312.121826,602.725891,413.707428,335.543793,497.076996,444.016052,320.506256,245.006226,365.146088,298.649017,64.739555,315.076752,248.891525,30.162714,363.380829,433.176453,43.679394
240,278.300446,113.930672,1010.143677,157.337418,312.464813,958.556763,415.424255,310.022339,989.665283,72.114105,277.468445,594.305969,124.527779,270.870758,476.840271,82.640953,123.732803,342.161163,164.756683,-48.286423,205.381546,221.285965,-93.82962,227.026321,159.410217,-9.134938,82.868866,476.770264,319.48761,603.142944,413.933319,340.561035,496.853516,444.176544,322.12262,244.867859,364.981598,298.715698,64.798248,314.988464,248.87767,30.27371,363.433167,433.37561,43.54845
241,280.207123,127.868576,1012.975098,157.631485,325.598602,961.623108,416.395721,324.176666,991.263611,72.77565,296.781342,597.711914,124.87558,296.541443,480.536255,84.189133,151.279587,345.561249,166.4375,-17.880013,204.122299,222.814911,-64.784157,223.211517,160.179535,27.195103,83.939705,476.915131,326.649658,603.698914,414.20929,345.085846,496.695282,444.450165,323.517548,244.829376,364.912323,298.75412,64.844147,314.932098,248.854614,30.454235,363.507263,433.536102,43.41629
242,282.072601,141.744125,1015.912964,157.865326,338.633911,964.778992,417.287994,338.221436,992.752808,73.534294,316.01297,601.272461,125.320335,321.885345,484.559937,85.787125,178.69281,348.734436,168.111618,13.443342,201.382874,224.217545,-34.823765,217.842545,161.518127,64.870087,83.94175,477.057343,333.681915,604.35498,414.546173,349.223663,496.60849,444.80484,324.743073,244.884857,364.917145,298.78775,64.902176,314.898834,248.836258,30.705881,363.584991,433.673523,43.296253
243,283.850067,155.57515,1018.867371,158.117859,351.626404,967.927185,418.115295,352.161133,994.111877,74.331436,335.353058,604.878906,125.859802,346.843018,488.769928,87.36837,206.071121,351.279266,169.794647,45.649349,197.256317,225.566284,-3.894679,211.028061,163.273911,103.651337,83.023026,477.192719,340.6185,605.059082,414.94632,353.076172,496.586792,445.205414,325.824707,245.020874,364.971344,298.83606,64.993797,314.876129,248.833282,31.024509,363.655487,433.802277,43.194283
244,285.497681,169.375626,1021.741699,158.456924,364.631256,970.971924,418.891724,366.002014,995.309204,75.118011,354.912964,608.441467,126.497025,371.354553,493.030701,88.881958,233.526627,352.866455,171.514435,78.712578,191.861465,226.958893,28.059092,202.876694,165.264145,143.35733,81.354507,477.31955,347.468994,605.753296,415.404358,356.741974,496.613281,445.619141,326.779785,245.219589,365.049225,298.914154,65.13504,314.850433,248.852692,31.4035,363.716003,433.934998,43.109371
245,286.980103,183.155624,1024.438721,158.933136,377.699463,973.823547,419.630402,379.751923,996.305176,75.860214,374.721893,611.891113,127.238029,395.363037,497.217712,90.295456,261.168671,353.279999,173.299881,112.617958,185.330154,228.493973,61.095078,193.499878,167.307037,183.849136,79.10347,477.439484,354.237915,606.380188,415.907898,360.316467,496.663086,446.019531,327.635529,245.46051,365.125732,299.032684,65.335442,314.809998,248.898224,31.836555,363.770508,434.082123,43.035809
246,288.269043,196.921768,1026.867432,159.57605,390.874664,976.402405,420.342834,393.4198,997.056274,76.541626,394.739655,615.177979,128.089355,418.817841,501.220184,91.595428,289.085938,352.431488,175.170303,147.362244,177.799545,230.245895,95.268974,183.013931,169.246628,225.022583,76.421387,477.555634,360.941254,606.887634,416.438538,363.890808,496.706512,446.386597,328.440979,245.721283,365.177399,299.198212,65.597878,314.745697,248.971405,32.319469,363.827148,434.251801,42.965839
247,289.343323,210.67807,1028.948608,160.393082,404.190674,978.641724,421.03891,407.014923,997.519714,77.16217,414.878754,618.266235,129.056091,441.675842,504.942352,92.788254,317.323456,350.356415,177.126953,182.954285,169.409637,232.245102,130.631073,171.543106,170.96788,266.805237,73.443108,477.669769,367.61499,607.23291,416.972809,367.549347,496.712311,446.704712,329.268799,245.978043,365.182068,299.41391,65.919273,314.650055,249.073273,32.850357,363.895203,434.450348,42.89209
248,290.188477,224.427109,1030.620483,161.370621,417.670074,980.489014,421.72699,420.546204,997.658325,77.73497,435.028473,621.126282,130.14093,463.90094,508.303131,93.901932,345.859924,347.199036,179.148087,219.414001,160.306183,234.468979,167.223297,159.225204,172.401077,309.153687,70.293465,477.779724,374.313843,607.384888,417.483765,371.366089,496.651001,446.959656,330.206146,246.206696,365.118713,299.680389,66.291962,314.514862,249.206223,33.427959,363.981567,434.682739,42.809299
249,290.795898,238.171295,1031.840698,162.477219,431.324585,981.906799,422.413727,434.021545,997.444641,78.282623,455.073669,623.726624,131.344238,485.461761,511.234436,94.985886,374.597382,343.184998,181.189255,256.769531,150.646133,236.845703,205.075546,146.220688,173.516708,352.04718,67.096382,477.878479,381.101074,607.324768,417.942719,375.400696,496.497345,447.136078,331.339417,246.385254,364.966919,299.99646,66.705589,314.328705,249.374924,34.048824,364.087677,434.952423,42.71537
250,291.162384,251.914063,1032.588501,163.668243,445.156403,982.872131,423.104004,447.447357,996.864197,78.834091,474.905273,626.026917,132.664688,506.328674,513.678955,96.104141,403.371338,338.582184,183.188354,295.050385,140.603973,239.268005,244.200516,132.72168,174.315048,395.475677,63.98299,477.954346,388.033997,607.043823,418.321442,379.69519,496.2323,447.216248,332.738953,246.496368,364.707214,300.359528,67.1492,314.074036,249.586121,34.705723,364.207611,435.260223,42.611523
251,291.289307,265.660919,1032.863159,164.891296,459.160553,983.37616,423.800598,460.828766,995.916504,79.422546,494.421112,627.97345,134.099747,526.471191,515.58844,97.321404,431.980286,333.655945,185.074081,334.277069,130.377151,241.612091,284.587524,118.956726,174.81456,439.423798,61.097477,477.992096,395.150909,606.541077,418.594452,384.272827,495.844269,447.180084,334.447723,246.529495,364.321899,300.765686,67.612892,313.726105,249.846817,35.38932,364.328247,435.602875,42.501583
252,291.182281,279.420105,1032.682251,166.091904,473.327515,983.423096,424.503937,474.170105,994.615356,80.083672,513.520203,629.498718,135.645401,545.85791,516.922363,98.686035,460.226227,328.629059,186.776428,374.447968,120.189064,243.757919,326.195679,105.190788,175.042206,483.855072,58.601009,477.97525,402.464783,605.821899,418.741425,389.139191,495.329926,447.007141,336.474213,246.483047,363.795959,301.209717,68.089256,313.253876,250.162262,36.091721,364.430817,435.972565,42.390602
253,290.850952,293.202881,1032.078125,167.218735,487.645966,983.028931,425.211914,487.476044,992.987122,80.853195,532.095459,630.523682,137.294769,564.458923,517.648132,100.215675,487.956879,323.656708,188.237015,415.525635,110.28791,245.606018,368.946533,91.720192,175.028564,528.69928,56.671455,477.888916,409.96402,604.898254,418.749603,394.2854,494.694305,446.679749,338.789856,246.366013,363.118958,301.685333,68.574677,312.623901,250.536469,36.809544,364.494843,436.357788,42.283485
254,290.308868,307.023499,1031.094482,168.228073,502.104919,982.219971,425.91983,500.752808,991.068237,81.76194,550.03125,630.963745,139.035446,582.25238,517.742676,101.889954,515.102417,318.820923,189.417496,457.424561,100.939476,247.089508,412.714325,78.862625,174.809143,573.842468,55.496319,477.722809,417.617981,603.790771,418.615723,399.692749,493.950531,446.186554,341.333313,246.199051,362.287506,302.185852,69.070663,311.805939,250.972687,37.546829,364.503296,436.743988,42.18412
255,289.573669,320.898529,1029.782349,169.08699,516.695679,981.031494,426.620972,514.009644,988.901978,82.827835,567.208801,630.73877,140.845886,599.232971,517.195557,103.651642,541.69751,314.146545,190.304474,500.000732,92.412506,248.180283,457.314789,66.941727,174.430893,619.121094,55.259022,477.473358,425.385101,602.529602,418.347168,405.338135,493.118866,445.526581,344.020844,246.014267,361.309052,302.705902,69.585304,310.780823,251.472427,38.318008,364.447052,437.11377,42.094971
256,288.666779,334.846405,1028.196777,169.775146,531.41272,979.506104,427.306915,527.260071,986.535645,84.045784,583.521912,629.786804,142.692612,615.421814,516.013489,105.415627,567.87738,309.634338,190.910904,543.043518,84.95755,248.889282,502.496613,56.264557,173.960281,664.319336,56.1213,477.144958,433.221069,601.154541,417.961884,411.199097,492.225281,444.713562,346.762329,245.853607,360.205902,303.242676,70.134193,309.550018,252.033829,39.149467,364.32663,437.448303,42.016823
257,287.613159,348.886627,1026.393677,170.285248,546.254272,977.692017,427.968353,540.522766,984.017517,85.378029,598.898132,628.079163,144.529587,630.874573,514.225342,107.08329,593.841797,305.300507,191.274582,586.27124,78.781708,249.260635,547.936218,47.092896,173.488922,709.170532,58.204494,476.750763,441.085663,599.714294,417.487427,417.258514,491.299194,443.779694,349.481537,245.765228,359.018585,303.796783,70.74012,308.145935,252.649261,40.079453,364.151794,437.729828,41.948978
258,286.440399,363.039246,1024.428467,170.622177,561.22229,975.641296,428.595703,553.822205,981.393799,86.749184,613.320923,625.632385,146.301117,645.686096,511.887085,108.560204,619.793823,301.204742,191.454239,629.331665,74.023125,249.361572,593.236877,39.61179,173.134354,753.360107,61.570347,476.312805,448.94751,598.262878,416.959229,423.508698,490.370819,442.777252,352.13559,245.79715,357.806854,304.372131,71.431458,306.638977,253.303406,41.155518,363.941071,437.945557,41.889599
259,285.178009,377.324463,1022.353882,170.801254,576.321655,973.408508,429.179962,567.189026,978.706665,88.050323,626.845886,622.514771,147.948029,659.989868,509.08493,109.773872,645.870056,297.45224,191.523224,671.806763,70.729523,249.271469,637.932129,33.900581,173.035049,796.530029,66.201141,475.861206,456.789581,596.85437,416.417633,429.954041,489.46814,441.777435,354.729553,245.98941,356.647095,304.975372,72.239548,305.135559,253.973236,42.429882,363.721008,438.0914,41.836132
260,283.856262,391.762665,1020.220154,170.845642,591.559509,971.049255,429.713135,580.659912,975.992126,89.154839,639.610291,618.845947,149.416336,673.952271,505.935394,110.686607,672.086609,294.168518,191.56218,713.222839,68.843399,249.072937,681.494568,29.912962,173.340424,838.284119,71.97876,475.432312,464.617004,595.535889,415.90448,436.612885,488.614685,440.863098,357.32196,246.366821,355.625275,305.614655,73.196266,303.765381,254.63089,43.954285,363.523651,438.17392,41.786098
261,282.505219,406.373871,1018.073914,170.783386,606.944214,968.619324,430.188446,594.277222,973.279297,89.944794,651.834656,614.789246,150.666611,687.761536,502.580383,111.299622,698.317322,291.458191,191.65126,753.066956,68.197601,248.845291,723.349915,27.471903,174.194839,878.195435,78.664459,475.065216,472.465637,594.34137,415.45874,443.517853,487.827515,440.11676,360.017609,246.935562,354.826691,306.298096,74.332611,302.661316,255.248154,45.775902,363.382294,438.209839,41.738289
262,281.154144,421.177246,1015.958008,170.644196,622.484192,966.173584,430.600006,608.086487,970.589844,90.342186,663.8172,610.541321,151.681198,701.614563,499.177612,111.649536,724.307434,289.36554,191.861832,790.810425,68.525421,248.658798,762.897217,26.282732,175.716431,915.820251,85.886505,474.796173,480.407959,593.287476,415.112091,450.715118,487.116516,439.607117,362.948456,247.685608,354.324677,307.033173,75.678978,301.937683,255.802444,47.935406,363.326538,438.223145,41.693916
263,279.831238,436.190186,1013.910828,170.456253,638.186951,963.766357,430.941803,622.134094,967.938538,90.335945,675.920288,606.319519,152.467621,715.701843,495.887543,111.800957,749.716125,287.851868,192.248444,825.939697,69.485146,248.569443,799.536194,25.964518,177.97287,950.719849,93.14695,474.652283,488.552002,592.372986,414.885284,458.263031,486.484344,439.377777,366.245911,248.598999,354.171082,307.827332,77.26651,301.671509,256.282562,50.468143,363.37735,438.241272,41.6572
264,278.563873,451.426697,1011.96582,170.243164,654.058289,961.450806,431.206726,636.464172,965.334717,89.993835,688.545227,602.350647,153.056885,730.192505,492.85965,111.838341,774.172485,286.796539,192.842499,857.991943,70.697128,248.612839,832.703247,26.098024,180.959824,982.491272,99.857796,474.646301,497.031494,591.582275,414.786194,466.230682,485.927185,439.440948,370.014587,249.661163,354.39032,308.690155,79.128876,301.891144,256.694519,53.408047,363.544128,438.291351,41.634941
265,277.378876,466.895935,1010.150269,170.021667,670.101074,959.279724,431.385284,651.115417,962.783813,89.452011,702.090149,598.857361,153.497513,745.219971,490.21994,111.858162,797.332275,286.020142,193.648819,886.593445,71.790329,248.800186,861.915222,26.285543,184.58876,1010.805359,105.405418,474.773895,505.989807,590.891174,414.810303,474.697205,485.435486,439.778564,374.315826,250.871277,354.978729,309.63736,81.303848,302.574341,257.066498,56.793324,363.824066,438.396698,41.635075
266,276.302704,482.600342,1008.484863,169.799911,686.314148,957.305237,431.464783,666.118225,960.289917,88.884018,716.888855,596.036621,153.846878,760.869568,488.062531,111.960304,818.926758,285.325684,194.646027,911.495239,72.452194,249.118698,886.81781,26.214245,188.690216,1035.447144,109.229904,475.013885,515.562683,590.273071,414.943604,483.75238,484.994019,440.349854,379.166931,252.248825,355.909119,310.696899,83.834251,303.656494,257.453888,60.672279,364.203369,438.574036,41.664009
267,275.36145,498.534058,1006.983337,169.57692,702.691101,955.578857,431.428925,681.491272,957.858093,88.459732,733.141296,594.034424,154.161514,777.170532,486.44577,112.236069,838.802795,284.546631,195.790543,932.602905,72.472359,249.537308,907.234985,25.710289,193.03212,1056.352051,110.904327,475.331146,525.866211,589.703247,415.16748,493.497986,484.581177,441.103241,384.556152,253.83461,357.139435,311.916901,86.768318,305.046906,257.944946,65.107552,364.659088,438.830505,41.722725
268,274.579926,514.681335,1005.653198,169.343002,719.21875,954.150513,431.257996,697.238953,955.496033,88.308243,750.865295,592.926392,154.488098,794.094238,485.392853,112.753021,856.951782,283.592224,197.02298,949.993958,71.770897,250.014908,923.209717,24.767868,197.349701,1073.629517,110.200317,475.681274,536.992859,589.159241,415.464081,504.049164,484.167755,441.989288,390.468628,255.686111,358.622131,313.374573,90.158478,306.647369,258.667572,70.177414,365.160614,439.160675,41.802582
269,273.980194,531.016052,1004.496338,169.081451,735.876526,953.067383,430.930176,713.348755,953.21582,88.494041,769.896362,592.715271,154.857224,811.559631,484.896454,113.540436,873.520386,282.475708,198.275879,963.917908,70.404312,250.50769,935.025208,23.541443,201.382004,1087.56665,107.128593,476.017517,549.017334,588.617432,415.821014,515.53479,483.715851,442.971954,396.914185,257.868561,360.312531,315.184326,94.058037,308.36908,259.795959,75.97377,365.671173,439.544098,41.882736
270,273.579376,547.501587,1003.510498,168.771088,752.63562,952.371155,430.423309,729.790771,951.034912,89.009872,789.935425,593.346802,155.281326,829.442139,484.925171,114.579872,888.791321,281.315521,199.481506,974.774109,68.545837,250.973389,943.194946,22.297777,204.909409,1098.603882,101.946243,476.299011,562.00708,588.047974,416.235352,528.094543,483.17865,444.036102,403.950104,260.443756,362.173676,317.50293,98.515892,310.143066,261.555481,82.595757,366.149689,439.946686,41.931297
271,273.386841,564.093079,1002.690491,168.389679,769.459534,952.095215,429.717651,746.517395,948.976257,89.78582,810.620605,594.731689,155.756714,847.584839,485.429932,115.802132,903.131165,280.304718,200.579514,983.065918,66.442093,251.372665,948.412842,21.334471,207.785736,1107.278564,95.126312,476.499146,576.032959,587.410095,416.715576,541.872314,482.501953,445.190247,411.694183,263.456665,364.177185,320.530457,103.569885,311.92395,264.222321,90.137833,366.554291,440.328339,41.911888
272,273.401337,580.740479,1002.02887,167.917526,786.305237,952.260925,428.799011,763.465088,947.067932,90.711021,831.589417,596.759094,156.268066,865.810242,486.348267,117.091965,916.917419,279.655853,201.523926,989.337158,64.355164,251.669083,951.46106,20.887241,209.960281,1114.141235,87.290764,476.612671,591.173462,586.651611,417.281738,557.005798,481.628113,446.462799,420.326294,266.920166,366.300232,324.504639,109.239372,313.686462,268.113617,98.672127,366.848328,440.659943,41.796108
273,273.608612,597.39209,1001.517029,167.340668,803.125793,952.873535,427.662109,780.557251,945.341919,91.661278,852.510254,599.296082,156.793884,883.930115,487.604919,118.305588,930.457703,279.532166,202.289459,994.1026,62.505459,251.830292,953.090637,21.059782,211.484436,1119.669067,79.115051,476.659912,607.509277,585.711548,417.963409,573.612915,480.501923,447.892487,430.078278,270.799957,368.518616,329.688049,115.518379,315.416718,273.566437,108.227287,367.010559,440.950043,41.581219
274,273.980591,613.99762,1001.146423,166.653183,819.873169,953.919312,426.313934,797.708618,943.832153,92.523857,873.086182,602.177917,157.3116,901.75415,489.109375,119.306488,943.91571,279.982117,202.876373,997.79187,61.034054,251.835068,953.919556,21.806686,212.494598,1124.210083,71.220482,476.68634,625.110718,584.528625,418.795197,591.777649,479.078583,449.513519,441.214935,275.002411,370.797882,336.347961,122.370697,317.099854,280.905304,118.767563,367.048828,441.279846,41.310177
275,274.476196,630.510437,1000.909363,165.858276,836.501587,955.36322,424.776245,814.830872,942.572021,93.213844,893.044983,605.20282,157.801178,919.095886,490.753754,120.01368,957.25824,280.903473,203.311371,1000.726135,59.996277,251.683578,954.385925,22.971817,213.168594,1127.986084,64.08979,476.757233,644.021912,583.05249,419.810028,611.53656,477.332977,451.339325,454.007202,279.370331,373.086029,344.731628,129.728806,318.709381,290.40274,130.175842,367.014862,441.842316,41.089054
276,275.04364,646.888672,1000.800598,164.967941,852.970642,957.14917,423.086884,831.838196,941.59259,93.680771,912.132019,608.143127,158.246902,935.77478,492.415894,120.434311,970.255493,282.064789,203.641403,1003.127136,59.378021,251.403412,954.75592,24.35038,213.673859,1131.137573,58.03487,476.94632,664.245728,581.257629,421.031189,632.869141,475.268768,453.349396,468.700317,283.69223,375.31012,355.041382,137.497284,320.201233,302.239685,142.245224,367.014008,442.97525,41.095768
277,275.624268,663.096497,1000.818298,164.001572,869.247253,959.202881,421.299042,848.653442,940.920837,93.908417,930.112061,610.773499,158.637314,951.617798,493.970245,120.653732,982.554321,283.18335,203.923035,1005.137939,59.119698,251.046356,955.158386,25.74527,214.129471,1133.762817,53.198406,477.32077,685.730896,579.158569,422.464996,655.693909,472.927002,455.484406,485.479553,287.729401,377.378754,367.4133,145.56012,321.511047,316.475739,154.682953,367.202026,445.175659,41.572544
278,276.157623,679.104675,1000.965088,162.983353,885.306946,961.437683,419.478577,865.212158,940.578308,93.910912,946.780884,612.905273,158.963745,966.46405,495.304474,120.79174,993.799438,284.018036,204.20993,1006.84259,59.138794,250.675461,955.626892,27.004839,214.594604,1135.937866,49.573097,477.925293,708.360962,576.823792,424.096466,679.872864,470.391571,457.651062,504.43689,291.26004,379.189911,381.905151,153.789459,322.555847,333.039215,167.127716,367.763306,449.082397,42.794891
279,276.5867,694.891418,1001.249512,161.939545,901.134521,963.763062,417.699005,881.465515,940.581055,93.72683,961.984802,614.416931,159.21875,980.175842,496.335999,120.953178,1003.728333,284.430145,204.541855,1008.285828,59.348148,250.349625,956.139709,28.039661,215.078476,1137.729004,47.035912,478.771027,731.946899,574.382996,425.889679,705.22345,467.788666,459.736023,525.544067,294.131897,380.644043,398.498047,162.051437,323.242828,351.7435,179.17984,368.870758,455.417816,45.01482
280,276.863556,710.442566,1001.685791,160.895874,916.723206,966.093445,416.035004,897.381287,940.938721,93.410995,975.644104,615.274109,159.395676,992.653625,497.023376,121.194984,1012.205811,284.398285,204.938354,1009.490967,59.668602,250.112686,956.653259,28.821854,215.559067,1139.19812,45.390434,479.832092,756.230103,572.020508,427.793335,731.53656,465.278625,461.624725,548.641907,296.308838,381.660614,417.112488,170.205597,323.486481,372.328857,190.440125,370.633423,464.883331,48.385368
281,276.953674,725.752075,1002.293457,159.875732,932.073364,968.356873,414.554962,912.942993,941.654724,93.022797,987.771545,615.533386,159.489166,1003.84906,497.369263,121.517967,1019.213989,283.997131,205.398148,1010.473511,60.035831,249.988678,957.124268,29.371794,216.001801,1140.401733,44.409496,481.050232,780.901733,569.951111,429.749298,758.596497,463.039978,463.219025,573.456055,297.893433,382.194611,437.633484,178.098572,323.233093,394.520935,200.551743,373.051483,478.025848,52.890045
282,276.839233,740.821167,1003.095093,158.899124,947.190735,970.500793,413.313873,928.148376,942.724548,92.612686,998.476013,615.328613,159.496063,1013.772705,497.414734,121.880119,1024.827148,283.354858,205.903046,1011.249634,60.402996,249.982117,957.521606,29.739426,216.374664,1141.386841,43.872375,482.344543,805.638977,568.381348,431.701019,786.197449,461.249084,464.449432,599.638977,299.112335,382.248688,459.935211,185.55806,322.483063,418.086609,209.238541,376.00116,495.11972,58.313633
283,276.520721,755.658264,1004.11322,157.982361,962.083923,972.495667,412.347198,943.007751,944.135193,92.212227,1007.948669,614.839722,159.416046,1022.491943,497.227509,122.219757,1029.192627,282.608063,206.424026,1011.840454,60.740765,250.081375,957.831421,29.986361,216.657257,1142.190063,43.591915,483.624695,830.151245,567.468628,433.60022,814.154968,460.05896,465.280396,626.826538,300.26474,381.874664,483.896179,192.39386,321.300354,442.865601,216.328171,379.25827,516.119446,64.275818
284,276.016449,770.277344,1005.365845,157.137802,976.762939,974.334595,411.666992,957.541626,945.864136,91.832626,1016.435059,614.254395,159.251389,1030.121216,496.887268,122.476631,1032.515747,281.870605,206.927902,1012.272827,61.035431,250.263809,958.055725,30.172668,216.842804,1142.839478,43.428883,484.806305,854.225281,567.292664,435.410095,842.311646,459.582153,465.713654,654.693237,301.647888,381.162354,509.401947,198.408203,319.803955,468.766205,221.748535,382.551605,540.706116,70.309685
285,275.360626,784.696838,1006.862244,156.373856,991.237427,976.029297,411.260559,971.778931,947.878967,91.471504,1024.199829,613.732971,159.00618,1036.805542,496.472076,122.606277,1035.040527,281.22113,207.383987,1012.57782,61.285896,250.50116,958.208252,30.349083,216.93515,1143.357666,43.294125,485.82608,877.755188,567.849854,437.105438,870.537292,459.880127,465.790314,682.989868,303.482483,380.221863,536.340759,203.411835,318.14682,495.736023,225.500458,385.622894,568.401367,75.952393
286,274.599426,798.93811,1008.598633,155.69455,1005.516418,977.603943,411.091858,985.75531,950.138123,91.122887,1031.492432,613.386963,158.685669,1042.702148,496.048706,122.588234,1037.023926,280.702209,207.769516,1012.789063,61.500065,250.764679,958.309204,30.55337,216.945236,1143.764038,43.142151,486.653351,900.749268,569.067749,438.670441,898.726318,460.961487,465.585693,711.555603,305.861176,379.166412,564.601135,207.240341,316.489777,523.732117,227.623901,388.26889,598.698364,80.820488
287,273.786255,813.023926,1010.55542,155.099365,1019.608398,979.086975,411.105804,999.511353,952.592529,90.785103,1038.519409,613.272156,158.296417,1047.964111,495.667816,122.427223,1038.704102,280.326874,208.072968,1012.939758,61.691368,251.029205,958.380188,30.809782,216.888092,1144.077637,42.960537,487.293884,923.312866,570.832092,440.0961,926.792175,462.787506,465.194366,740.310181,308.729248,378.098785,594.074097,209.766541,314.977234,552.707397,228.172592,390.359314,631.160583,84.65448
288,272.976288,826.976501,1012.696045,154.583191,1033.522339,980.503357,411.234528,1013.091248,955.187439,90.464081,1045.42627,613.394104,157.846985,1052.729614,495.363068,122.148293,1040.26416,280.088226,208.294708,1013.060242,61.875935,251.276123,958.44104,31.130945,216.780548,1144.319458,42.758118,487.785797,945.613892,573.015747,441.377533,954.662903,465.282928,464.709747,769.238037,311.896942,377.101837,624.658447,210.907166,313.717987,582.611816,227.198761,391.838196,665.467224,87.32901
289,272.221375,840.816528,1014.967285,154.136734,1047.268677,981.867737,411.405273,1026.540527,957.864685,90.172028,1052.292969,613.720276,157.348709,1057.115112,495.152313,121.788979,1041.811279,279.969269,208.445282,1013.175415,62.070175,251.494705,958.50769,31.520813,216.639435,1144.512451,42.553974,488.188507,967.839661,575.501282,442.512085,982.27655,468.348633,464.207977,798.367676,315.079071,376.231995,656.266724,210.62355,312.773834,613.401917,224.746078,392.716919,701.407166,88.835762
290,271.565735,854.562073,1017.302063,153.747635,1060.860718,983.180725,411.548737,1039.904297,960.564392,89.923958,1059.143188,614.194763,156.815903,1061.214233,495.039642,121.390244,1043.376099,279.951141,208.542572,1013.304077,62.288895,251.68158,958.591187,31.97752,216.480576,1144.679688,42.368275,488.568939,990.156982,578.195618,443.498077,1009.579346,471.873901,463.742188,827.750488,317.951996,375.516815,688.829224,208.917572,312.156342,645.053284,220.849854,393.0625,738.840515,89.250626
291,271.04306,868.228394,1019.62323,153.401947,1074.314331,984.427368,411.606842,1053.225098,963.227112,89.734406,1065.965088,614.752075,156.265274,1065.099731,495.018005,120.988289,1044.931885,280.017609,208.608124,1013.458252,62.544331,251.838989,958.69751,32.495789,216.318497,1144.841431,42.216137,488.987976,1012.679504,581.03479,444.334137,1036.523926,475.746277,463.345123,857.442261,320.209961,374.957794,722.296814,205.825485,311.830841,677.56958,215.541946,392.984192,777.655029,88.699188
292,270.675201,881.828247,1021.849304,153.086029,1087.648682,985.578552,411.538818,1066.541504,965.795288,89.615555,1072.737549,615.326599,155.714722,1068.826416,495.072296,120.610191,1046.428223,280.155151,208.664566,1013.643982,62.84589,251.972839,958.828796,33.068802,216.166122,1145.012329,42.105232,489.490112,1035.449463,583.982178,445.019043,1063.06958,479.858246,463.034668,887.490295,321.605408,374.536743,756.641113,201.41156,311.727112,710.986145,208.858154,392.62085,817.736816,87.328377
293,270.472321,895.371887,1023.90033,152.788559,1100.884521,986.594604,411.324951,1079.885498,968.215088,89.576515,1079.447754,615.859009,155.182007,1072.436523,495.182587,120.274231,1047.826172,280.35083,208.734299,1013.862305,63.200111,252.092194,958.985107,33.689476,216.034241,1145.200562,42.036304,490.097473,1058.434326,587.020508,445.55191,1089.181519,484.110199,462.817474,917.92804,321.969818,374.224915,791.853821,195.762909,311.755981,745.366638,200.845886,392.127625,858.961792,85.288376
294,270.434448,908.868164,1025.704102,152.501968,1114.043945,987.429993,410.967651,1093.282837,970.437622,89.62278,1086.10083,616.299011,154.683838,1075.964478,495.327148,119.992554,1049.119263,280.59021,208.83934,1014.110596,63.610374,252.209839,959.166138,34.350758,215.931152,1145.408325,42.005058,490.808777,1081.537842,590.139954,445.932526,1114.829346,488.410248,462.690826,948.772705,321.219086,373.993652,827.944519,188.986145,311.829834,780.793945,191.571594,391.659851,901.205688,82.725258
295,270.554291,922.325073,1027.201294,152.22348,1127.148682,988.039307,410.489807,1106.751465,972.420349,89.755669,1092.717651,616.607605,154.235092,1079.440918,495.485352,119.77404,1050.335938,280.856323,209.000854,1014.383484,64.076775,252.343918,959.372375,35.045971,215.862625,1145.632568,42.004223,491.601501,1104.62085,593.325195,446.161255,1139.985107,492.672089,462.644196,980.024658,319.350067,373.823273,864.937561,181.206024,311.881683,817.358765,181.126846,391.357574,944.358459,79.779816
296,270.820068,935.750488,1028.348633,151.955246,1140.219238,988.38208,409.931061,1120.303345,974.128113,89.972153,1099.327393,616.759155,153.848419,1082.895874,495.639618,119.626442,1051.525024,281.130798,209.238342,1014.673218,64.596626,252.519684,959.605103,35.770088,215.832214,1145.867065,42.025238,492.435059,1127.524414,596.543823,446.238831,1164.618164,496.811829,462.66272,1011.666321,316.431976,373.709442,902.867126,172.565582,311.878906,855.148254,169.632553,391.333374,988.332214,76.588699
297,271.218903,949.153198,1029.121338,151.703857,1153.27356,988.427429,409.342407,1133.944458,975.533569,90.265579,1105.960327,616.742188,153.534027,1086.360596,495.777161,119.557709,1052.736938,281.397247,209.56868,1014.970215,65.165825,252.77034,959.865967,36.521328,215.841568,1146.103027,42.059372,493.253998,1150.089722,599.738281,446.165436,1188.691162,500.744873,462.730621,1043.661377,312.593018,373.665375,941.770447,163.22728,311.828278,894.236938,157.240738,391.664154,1033.060669,73.287407
298,271.739594,962.542908,1029.512329,151.479218,1166.326904,988.157043,408.779968,1147.676758,976.617615,90.627113,1112.641602,616.559814,153.299576,1089.868896,495.890656,119.576569,1054.009155,281.64624,210.00502,1015.263733,65.780441,253.135132,960.15509,37.302818,215.890442,1146.332397,42.098419,493.99054,1172.170166,602.822998,445.940063,1212.15564,504.384674,462.835663,1075.956299,308.002899,373.721069,981.679626,153.374802,311.773193,934.676514,144.138,392.387665,1078.490967,70.014458
299,272.374695,975.931396,1029.53064,151.292831,1179.390625,987.566833,408.298767,1161.499512,977.369263,91.047638,1119.389526,616.227173,153.150299,1093.458252,495.977936,119.692528,1055.360962,281.879456,210.555588,1015.54364,66.437767,253.65361,960.470093,38.123936,215.976196,1146.547363,42.135338,494.568298,1193.639893,605.687561,445.560059,1234.949341,507.642914,462.972809,1108.483521,302.853271,373.920258,1022.611145,143.213867,311.785736,976.484619,130.54953,393.503845,1124.570313,66.915535
300,273.121552,989.33197,1029.198853,151.156021,1192.472412,986.666321,407.947052,1175.411987,977.785034,91.519653,1126.216309,615.76825,153.089005,1097.1698,496.040802,119.91394,1056.793945,282.111053,211.222107,1015.802368,67.137169,254.356247,960.80719,39.000687,216.09343,1146.742065,42.164742,494.908508,1214.396484,608.204834,445.021942,1256.998291,510.432007,463.146576,1141.165039,297.339966,374.315796,1064.554688,132.971313,311.956818,1019.633179,116.740891,394.979797,1171.232666,64.146553
301,273.982666,1002.759705,1028.548462,151.07814,1205.577148,985.4776,407.761963,1189.414429,977.868408,92.037582,1133.13208,615.21051,153.116287,1101.049316,496.083191,120.244621,1058.298462,282.365997,211.997238,1016.037231,67.880844,255.253998,961.161499,39.954353,216.233658,1146.912109,42.183304,494.939941,1234.361694,610.243958,444.323303,1278.221558,512.669189,463.369904,1173.911987,291.650635,374.963654,1107.460815,122.892387,312.385681,1064.037476,103.013702,396.757202,1218.386475,61.874783
302,274.964539,1016.231018,1027.616699,151.06517,1218.707275,984.032471,407.766663,1203.509888,977.62915,92.596153,1140.14856,614.579285,153.230591,1105.147095,496.108673,120.680771,1059.864136,282.675995,212.861557,1016.252686,68.674706,256.329987,961.527283,41.009163,216.385315,1147.054321,42.190037,494.612732,1253.482056,611.686462,443.466248,1298.541626,514.281433,463.659729,1206.621094,285.95929,375.91449,1151.228271,113.234901,313.168243,1109.549316,89.695274,398.761108,1265.904175,60.277805
303,276.076172,1029.763184,1026.442261,151.118851,1231.86438,982.369385,407.969177,1217.705078,977.08252,93.187904,1147.28125,613.894287,153.428055,1109.51709,496.118347,121.208168,1061.490601,283.073273,213.781631,1016.460938,69.528587,257.535675,961.897339,42.189457,216.534424,1147.166748,42.185822,493.914795,1271.730103,612.442505,442.461395,1317.895996,515.211121,464.030487,1239.170654,280.425385,377.203613,1195.691895,104.258606,314.381165,1155.954224,77.122871,400.910065,1313.610596,59.538414
304,277.326874,1043.374023,1025.062256,151.236359,1245.050781,980.529785,408.363098,1232.010254,976.248596,93.80088,1154.550171,613.167908,153.702377,1114.215576,496.109192,121.800758,1063.202393,283.582977,214.711182,1016.681335,70.455116,258.793549,962.26416,43.516674,216.666885,1147.247925,42.171787,492.886597,1289.103516,612.462463,441.331787,1336.250366,515.422485,464.488434,1271.419556,275.194061,378.841339,1240.613403,96.209518,316.065063,1202.969849,65.622704,403.126892,1361.271118,59.832718
305,278.723755,1057.081299,1023.509827,151.410675,1258.269897,978.555115,408.929047,1246.438599,975.151611,94.417244,1161.978271,612.405701,154.044785,1119.299194,496.073792,122.422035,1065.059326,284.216248,215.59552,1016.9375,71.467453,260.008545,962.622192,45.007534,216.771744,1147.298462,42.147652,491.627777,1305.618896,611.740051,440.115143,1353.610596,514.90802,465.029236,1303.211914,270.394806,380.805847,1285.677856,89.300545,318.212524,1250.243408,55.482868,405.34436,1408.580933,61.311199
306,280.26947,1070.902954,1021.813782,151.63147,1271.528687,976.483765,409.637848,1261.005493,973.819946,95.013695,1169.590942,611.609131,154.444412,1124.821777,496.001007,123.030167,1067.1604,284.965607,216.378128,1017.253601,72.577789,261.083771,962.96991,46.674988,216.843475,1147.32019,42.1119,490.289337,1321.30127,610.304932,438.863373,1370.030884,513.695007,465.639374,1334.386719,266.136658,383.040405,1330.496582,83.690163,320.762634,1297.353394,46.922867,407.501587,1455.164917,64.07502
307,281.960205,1084.856567,1019.99823,151.886368,1284.837769,974.349548,410.453766,1275.727051,972.285706,95.564156,1177.41626,610.777771,154.889465,1130.832153,495.87793,123.585587,1069.634888,285.805939,217.007736,1017.651245,73.797607,261.936523,963.310974,48.530972,216.881454,1147.317261,42.063789,489.050201,1336.176147,608.209229,437.638916,1385.616943,511.849609,466.301056,1364.790894,262.501007,385.455536,1374.617065,79.461304,323.604462,1343.815674,40.064358,409.532104,1500.590454,68.150612
308,283.784363,1098.958862,1018.084045,152.162552,1298.212769,972.179932,411.338348,1290.619141,970.584961,96.044449,1185.486206,609.91156,155.369019,1137.372314,495.691833,124.057724,1072.622803,286.701416,217.444153,1018.148071,75.139374,262.508514,963.65448,50.58989,216.887161,1147.296265,42.005215,488.082458,1350.27124,605.516663,436.507935,1400.523682,509.477478,466.998627,1394.293945,259.533112,387.936646,1417.541992,76.604462,326.589081,1389.095581,34.909519,411.349213,1544.391479,73.464371
309,285.721802,1113.226074,1016.090759,152.448517,1311.674438,969.996155,412.254242,1305.695313,968.757751,96.437813,1193.838501,609.011841,155.874924,1144.476929,495.432495,124.428177,1076.246094,287.615814,217.661514,1018.757141,76.618484,262.768829,964.013489,52.871822,216.86087,1147.266846,41.941753,487.516205,1363.638062,602.302551,435.531433,1414.947021,506.719177,467.723236,1422.796509,257.234863,390.357056,1458.753052,75.009796,329.548676,1432.625244,31.334265,412.837158,1586.096436,79.82
310,287.743866,1127.672241,1014.03833,152.735916,1325.248535,967.812927,413.16861,1320.966187,966.848694,96.739616,1202.518555,608.081848,156.403473,1152.174805,495.093536,124.691399,1080.583984,288.522522,217.648483,1019.487305,78.255066,262.711548,964.403809,55.404896,216.799179,1147.24231,41.88258,487.413574,1376.386841,598.66748,434.756134,1429.111206,503.741119,468.473694,1450.230469,255.561798,392.595337,1497.740601,74.472298,332.321045,1473.819458,29.102461,413.853363,1625.258545,86.88607
311,289.81424,1142.308838,1011.949341,153.021332,1338.964966,965.639832,414.056061,1336.438232,964.907227,96.959808,1211.581177,607.126038,156.956039,1160.491455,494.672943,124.853188,1085.65979,289.411011,217.406067,1020.344666,80.075165,262.350098,964.84198,58.226398,216.693863,1147.23999,41.839058,487.758545,1388.724243,594.757813,434.20752,1443.250977,500.72226,469.25119,1476.544312,254.4254,394.553192,1534.034424,74.712097,334.777252,1512.093872,27.901819,414.245697,1661.485229,94.201019
312,291.890381,1157.143555,1009.849854,153.307953,1352.856934,963.482544,414.900818,1352.112793,962.987915,97.122643,1221.0896,606.150085,157.538101,1169.452759,494.172485,124.927452,1091.446533,290.287292,216.94397,1021.33551,82.110924,261.71106,965.345764,61.382515,216.533096,1147.280151,41.821808,488.463837,1400.970337,590.778687,433.887299,1457.591431,497.839264,470.050842,1501.68042,253.702255,396.169678,1567.231323,75.408119,336.844788,1546.886597,27.393682,413.883484,1694.463013,101.197166
313,293.925903,1172.179565,1007.770264,153.606644,1366.958496,961.344604,415.698212,1367.985229,961.151001,97.264236,1231.113525,605.159424,158.157135,1179.089722,493.595856,124.932457,1097.885742,291.170319,216.27623,1022.470947,84.400391,260.828125,965.935974,64.927528,216.304413,1147.384766,41.836971,489.393646,1413.539673,586.987366,433.774994,1472.327881,495.252563,470.853516,1525.557251,253.25061,397.426636,1597.017822,76.239166,338.516388,1577.696167,27.262865,412.696655,1723.97229,107.245125
314,295.87326,1187.414429,1005.744507,153.936493,1381.30188,959.229614,416.454834,1384.0448,959.461182,97.428711,1241.72583,604.157715,158.820221,1189.44397,492.945953,124.887138,1104.914795,292.088165,215.417725,1023.772888,86.986961,259.737885,966.643677,68.923607,215.997574,1147.574463,41.883705,490.39621,1426.880005,583.6651,433.834351,1487.606201,493.094971,471.622223,1548.069214,252.93399,398.345215,1623.187378,76.925301,339.839722,1604.133667,27.260941,410.711731,1749.893799,111.718124
315,297.686859,1202.8396,1003.809143,154.324341,1395.915039,957.143311,417.187439,1400.273926,957.986755,97.663727,1253.002441,603.145447,159.531616,1200.573486,492.221832,124.808342,1112.491821,293.076294,214.382156,1025.281738,89.91851,258.47876,967.520813,73.441582,215.607513,1147.863647,41.952816,491.337494,1441.383789,581.077454,434.021881,1503.510864,491.464844,472.306305,1569.108398,252.6474,398.974182,1645.653198,77.263039,340.891663,1625.977783,27.240139,408.072083,1772.209839,114.070984
316,299.326111,1218.440308,1002.001404,154.80336,1410.818115,955.095276,417.920685,1416.648193,956.796692,98.015587,1265.022949,602.119019,160.289642,1212.555054,491.416595,124.708672,1120.612915,294.179108,213.182312,1027.064697,93.246292,257.093018,968.654541,78.561981,215.137924,1148.256104,42.025967,492.126373,1457.306274,579.437256,434.295746,1520.05957,490.423706,472.854126,1588.598633,252.33905,399.376129,1664.456055,77.14785,341.749329,1643.219238,27.168909,405.030212,1791.005981,113.922981
317,300.758392,1234.195923,1000.357178,155.410721,1426.020386,953.100403,418.683777,1433.136963,955.95752,98.52372,1277.871338,601.071289,161.08371,1225.483276,490.516876,124.594254,1129.315186,295.455109,211.832306,1029.224487,97.022896,255.630981,970.182922,84.374512,214.605072,1148.741699,42.07663,492.727417,1474.723022,578.879822,434.622559,1537.205688,489.997406,473.229767,1606.528076,252.019531,399.614746,1679.765625,76.579109,342.470428,1656.088501,27.11796,401.908478,1806.47229,111.136971
318,301.961731,1250.079834,998.909119,156.184296,1441.516968,951.179626,419.506348,1449.704224,955.528442,99.214355,1291.633911,599.991516,161.891663,1239.466187,489.503876,124.462448,1138.669189,296.981201,210.350891,1031.904907,101.299294,254.155045,972.309021,90.973366,214.040115,1149.29834,42.074623,493.162323,1493.539063,579.454956,434.979828,1554.8479,490.178894,473.427704,1622.964355,251.753418,399.746521,1691.872314,75.646255,343.090302,1665.055664,27.215235,399.035614,1818.900146,105.883179
319,302.92691,1266.061768,997.684631,157.158936,1457.286255,949.359863,420.414673,1466.310303,955.556641,100.093742,1306.393799,598.866333,162.678665,1254.615356,488.355804,124.299812,1148.766235,298.851166,208.764709,1035.292603,106.120445,252.740784,975.306396,98.447563,213.488861,1149.901001,41.995014,493.500153,1513.531982,581.129333,435.355011,1572.838379,490.930481,473.479004,1638.043579,251.633255,399.816345,1701.166626,74.499153,343.632141,1670.791138,27.583963,396.677948,1828.667603,98.661667
320,303.659088,1282.108398,996.704773,158.362091,1473.290039,947.672974,421.427887,1482.914795,956.071594,101.142807,1322.226685,597.680542,163.398041,1271.03418,487.051544,124.081551,1159.706787,301.164368,207.110809,1039.613159,111.51902,251.473022,979.512146,106.86692,213.008148,1150.534302,41.830509,493.836487,1534.395996,583.788208,435.742401,1590.991821,492.184174,473.445496,1651.936646,251.740143,399.852966,1708.106201,73.308517,344.116425,1674.078125,28.289257,394.984619,1836.210083,90.248222
321,304.17865,1298.184937,995.983215,159.809494,1489.473633,946.154785,422.555084,1499.478394,957.080688,102.314102,1339.195313,596.417908,163.995224,1288.803345,485.574493,123.774338,1171.598267,304.002319,205.436798,1045.120117,117.508362,250.436005,985.301819,116.264038,212.657654,1151.211792,41.606182,494.266876,1555.764771,587.233032,436.139648,1609.09082,493.840485,473.401611,1664.806519,252.103409,399.864807,1713.169678,72.226753,344.56012,1675.69873,29.313267,393.963135,1841.981567,81.541046
322,304.520905,1314.25647,995.52655,161.501038,1505.769775,944.842773,423.793671,1515.96582,958.566162,103.533264,1357.341309,595.062073,164.414749,1307.966675,483.917114,123.343513,1184.559814,307.394684,203.798615,1052.075806,124.076736,249.697693,993.047668,126.616196,212.486465,1152.003662,41.394562,494.862549,1577.215332,591.182861,436.545166,1626.892944,495.768433,473.405853,1676.772949,252.676651,399.839417,1716.809937,71.361824,344.968781,1676.331543,30.56497,393.496796,1846.409058,73.357552
323,304.734314,1330.287964,995.334961,163.418091,1522.102905,943.774048,425.128906,1532.346802,960.484497,104.707146,1376.67627,593.600098,164.610046,1328.520508,482.085693,122.764847,1198.730347,311.284607,202.256744,1060.728149,131.185165,249.292694,1003.064331,137.832123,212.517273,1153.066284,41.326324,495.654297,1598.264526,595.291809,436.956573,1644.142212,497.811462,473.475555,1687.894531,253.345139,399.75,1719.419434,70.768509,345.332062,1676.492676,31.912762,393.400879,1849.858765,66.293976
324,304.877411,1346.245361,995.404114,165.522247,1538.394165,942.983459,426.534912,1548.597168,962.768982,105.738106,1397.172241,592.030579,164.553909,1350.40625,480.105774,122.036934,1214.272095,315.507355,200.872543,1071.284424,138.768677,249.212082,1015.554626,149.747238,212.731461,1154.671509,41.591053,496.627472,1618.384644,599.188782,437.37088,1660.585205,499.802216,473.580963,1698.168945,253.964554,399.566956,1721.314209,70.452782,345.627686,1676.523071,33.221901,393.487549,1852.62439,60.67675
325,305.014191,1362.095337,995.72699,167.756439,1554.567017,942.502625,427.977417,1564.69812,965.335205,106.540901,1418.754639,590.374695,164.246475,1373.51062,478.027527,121.188454,1231.362549,319.797455,199.706528,1083.885986,146.739731,249.410049,1030.568359,162.127411,213.059921,1157.22168,42.42202,497.728638,1637.053467,602.534668,437.785431,1675.992554,501.584534,473.664276,1707.54541,254.410599,399.271393,1722.730225,70.382851,345.832306,1676.607178,34.38438,393.612915,1854.916382,56.570419
326,305.208984,1377.806885,996.296265,170.048187,1570.551392,942.359314,429.417511,1580.63562,968.089355,107.057915,1441.293823,588.688171,163.718246,1397.673584,475.92981,120.27668,1250.16748,323.832581,198.818466,1098.590576,154.991867,249.828278,1047.987549,174.677567,213.384796,1161.244263,44.061508,498.881409,1653.839478,605.082764,438.198822,1690.182739,503.036041,473.670807,1715.948364,254.614517,398.863922,1723.8302,70.502953,345.933105,1676.809082,35.335136,393.693939,1856.863281,53.829308
327,305.520905,1393.352295,997.106445,172.315201,1586.28833,942.577454,430.816254,1596.39978,970.937256,107.269218,1464.595459,587.069153,163.025925,1422.702271,473.920532,119.377243,1270.799316,327.311462,198.267273,1115.367065,163.400421,250.429153,1067.546753,187.052841,213.556351,1167.353149,46.70813,500.005646,1668.495972,606.72583,438.610992,1703.04126,504.08493,473.5755,1723.309814,254.571457,398.365906,1724.716797,70.74765,345.93335,1677.116577,36.053902,393.703735,1858.531738,52.179306
328,305.998596,1408.70813,998.154846,174.472916,1601.731445,943.176331,432.139038,1611.983032,973.792786,107.195297,1488.395874,585.656372,162.241608,1448.391235,472.131439,118.570145,1293.27002,330.043427,198.108215,1134.105591,171.819138,251.223038,1088.886108,198.874054,213.425674,1176.178467,50.456451,501.035767,1681.019165,607.513184,439.022339,1714.530762,504.716522,473.393494,1729.597778,254.325851,397.813904,1725.449219,71.054352,345.850403,1677.480103,36.55677,393.655304,1859.950439,51.302898
329,306.676208,1423.857056,999.442322,176.443069,1616.848877,944.169617,433.359253,1627.379517,976.585083,106.892494,1512.375244,584.613586,161.438416,1474.541138,470.706635,117.928909,1317.461548,332.01532,198.38588,1154.640381,180.074646,252.273605,1111.619141,209.750687,212.885376,1188.270996,55.24966,501.934448,1691.641724,607.630798,439.432434,1724.689941,504.969086,473.172729,1734.834839,253.947281,397.251221,1726.05957,71.372093,345.710083,1677.843262,36.883579,393.580872,1861.130981,50.906239
330,307.570313,1438.788208,1000.972351,178.16214,1631.622681,945.562988,434.460968,1642.583374,979.26355,106.442474,1536.191895,584.101563,160.677368,1500.974121,469.786469,117.516632,1343.123413,333.408813,199.123886,1176.780029,187.964005,253.672562,1135.400879,219.315903,211.905365,1204.005371,60.86763,502.69577,1700.767578,607.34845,439.839508,1733.620972,504.92038,472.973663,1739.103394,253.508026,396.719391,1726.56604,71.665947,345.540222,1678.160767,37.085377,393.514771,1862.083496,50.758324
331,308.678864,1453.497437,1002.74884,179.588303,1646.048706,947.351563,435.44046,1657.588013,981.799133,105.938133,1559.531494,584.245056,159.998688,1527.542603,469.489471,117.386192,1369.902832,334.558441,200.314941,1200.338745,195.259689,255.491119,1159.979248,227.269409,210.55275,1223.516479,66.957214,503.337891,1708.878784,606.951233,440.240356,1741.470703,504.668396,472.84906,1742.537598,253.068405,396.252106,1726.981689,71.91748,345.365631,1678.40686,37.214237,393.483246,1862.825562,50.703045
332,309.981812,1467.987671,1004.773376,180.705933,1660.135742,949.517212,436.306183,1672.386108,984.183289,105.467873,1582.159546,585.107788,159.419235,1554.13147,469.896606,117.578362,1397.399048,335.861938,201.915329,1225.159668,201.723221,257.734009,1185.216064,233.412552,208.987762,1246.690186,73.091721,503.889099,1716.442017,606.676514,440.631592,1748.407959,504.311981,472.83197,1745.304688,252.672394,395.871704,1727.319214,72.12252,345.205292,1678.575439,37.316338,393.500916,1863.383301,50.652115
333,311.443542,1482.268311,1007.04126,181.526749,1673.903931,952.027161,437.077515,1686.969727,986.423462,105.100731,1603.957275,586.683533,158.935516,1580.653809,471.04129,118.11499,1425.226318,337.669922,203.847168,1251.124634,207.124573,260.322845,1211.074097,237.6577,207.433853,1273.208496,78.841103,504.374023,1723.833252,606.674255,441.01062,1754.603027,503.93515,472.931458,1747.580933,252.348969,395.587799,1727.593384,72.287483,345.071289,1678.675537,37.428215,393.570496,1863.789429,50.568562
334,313.016846,1496.35376,1009.53833,182.088013,1687.384033,954.833679,437.782104,1701.331665,988.537109,104.875435,1624.935669,588.903931,158.530334,1607.044189,472.907135,118.990143,1453.070923,340.188171,206.009125,1278.149292,211.264114,263.114624,1237.57959,240.010269,206.130859,1302.630737,83.834618,504.804688,1731.294189,606.997925,441.375916,1760.210815,503.598114,473.134003,1749.528809,252.11412,395.397644,1727.819946,72.425331,344.968842,1678.724609,37.575333,393.684021,1864.079834,50.448277
335,314.647797,1510.262573,1012.237427,182.447617,1700.616455,957.875671,438.451965,1715.467407,990.544373,104.796097,1645.221313,591.658508,158.180756,1633.248901,475.433441,120.1651,1480.729248,343.419708,208.293823,1306.172729,213.990768,265.941162,1264.783203,240.537231,205.285721,1334.482666,87.804886,505.178772,1738.924561,607.621094,441.726654,1765.361084,503.335541,473.409698,1751.276367,251.972656,395.288116,1728.015137,72.551804,344.897247,1678.743164,37.772419,393.825134,1864.290161,50.303986
336,316.280853,1524.015747,1015.096985,182.676941,1713.64917,961.082275,439.11908,1729.376587,992.461548,104.835602,1665.020508,594.817322,157.864899,1659.219116,478.525696,121.569084,1508.118286,347.160309,210.60495,1335.147949,215.212036,268.651031,1292.737793,239.3367,205.033569,1368.326538,90.608452,505.484375,1746.705444,608.466003,442.061981,1770.15564,503.160278,473.721344,1752.904419,251.920212,395.239044,1728.193115,72.68251,344.850922,1678.750732,38.025234,393.972931,1864.452515,50.153271
337,317.863678,1537.634888,1018.060974,182.852478,1726.536011,964.376526,439.811035,1743.064575,994.296387,104.945183,1684.571045,598.251953,157.567108,1684.906006,482.068512,123.105522,1535.260254,351.048859,212.868515,1365.038086,214.895111,271.140167,1321.491699,236.515076,205.416702,1403.802979,92.22094,505.706787,1754.54126,609.433777,442.380859,1774.671021,503.069641,474.032898,1754.447998,251.945374,395.22702,1728.365601,72.830978,344.820587,1678.76355,38.333145,394.106903,1864.592529,50.01096
338,319.350616,1551.140747,1021.060608,183.047195,1739.333496,967.680542,440.547424,1756.543335,996.044678,105.06723,1704.092041,601.848267,157.280807,1710.259644,485.937744,124.665108,1562.248779,354.65155,215.03717,1395.814819,213.061325,273.365845,1351.091431,232.173172,206.384094,1440.639648,92.712776,505.834686,1762.306763,610.427368,442.68277,1778.964722,503.051422,474.315796,1755.910889,252.03273,395.229279,1728.54126,73.007492,344.795258,1678.794067,38.691532,394.21225,1864.727295,49.88583
339,320.704742,1564.552002,1024.018311,183.322769,1752.097412,970.919189,441.337402,1769.831055,997.690063,105.148094,1723.745972,605.513428,157.009216,1735.231201,490.010498,126.14209,1589.212646,357.550476,217.087799,1427.459473,209.776337,275.343109,1381.587891,226.401718,207.810211,1478.63855,92.214806,505.864685,1769.888428,611.365845,442.969116,1783.081421,503.088348,474.553101,1757.283447,252.165955,395.22699,1728.724854,73.218552,344.764587,1678.850464,39.093533,394.283325,1864.864014,49.780602
